{
  "parameters": {
    "OOP": true,
    "CUDA": false,
    "device": "NVIDIA T1000 8GB",
    "model_id": "v0",
    "lr": 0.0005,
    "gamma": 0.95,
    "epsilon_decay": 5000,
    "batch_size": 32,
    "buffer_size": 5000,
    "target_update_freq": 1000
  },
  "runtime": 108.98127341270447,
  "valtime": 3.3169267177581787,
  "best_model_at": 3622,
  "val_history": {
    "3608": [
      500.0,
      167.53
    ],
    "3622": [
      500.0,
      389.04
    ]
  },
  "test_result": 394.644
}