{
  "parameters": {
    "OOP": true,
    "CUDA": false,
    "device": "NVIDIA T1000 8GB",
    "model_id": "v0",
    "lr": 0.0005,
    "gamma": 0.95,
    "epsilon_decay": 5000,
    "batch_size": 32,
    "buffer_size": 5000,
    "target_update_freq": 1000
  },
  "runtime": 96.99210476875305,
  "valtime": 1.3574044704437256,
  "best_model_at": 4619,
  "val_history": {
    "4567": [
      500.0,
      93.93
    ],
    "4619": [
      487.0,
      130.23
    ]
  },
  "test_result": 130.204
}