{
  "parameters": {
    "OOP": true,
    "CUDA": false,
    "device": "NVIDIA T1000 8GB",
    "model_id": "v0",
    "lr": 0.0005,
    "gamma": 0.95,
    "epsilon_decay": 5000,
    "batch_size": 32,
    "buffer_size": 5000,
    "target_update_freq": 1000
  },
  "runtime": 103.97813701629639,
  "valtime": 4.598053693771362,
  "best_model_at": 4965,
  "val_history": {
    "4832": [
      499.0,
      292.44
    ],
    "4965": [
      500.0,
      500.0
    ]
  },
  "test_result": 500.0
}