{"image": "28b03f66-e98b-11ef-8d00-4cd717a70326.jpg", "bboxes": [0.05171171400282118, 0.195155160692003, 0.4861461385091146, 0.761721723344591], "class": 1}