{"image": "28b03f66-e98b-11ef-8d00-4cd717a70326.jpg", "bboxes": [0.6360760837131076, 0.21605605443318684, 1.0, 0.7826226170857747], "class": 1}