{"image": "28b03f66-e98b-11ef-8d00-4cd717a70326.jpg", "bboxes": [0.309489491780599, 0.2516116099887424, 0.7439239162868924, 0.8181781726413303], "class": 1}