{"image": "28b03f66-e98b-11ef-8d00-4cd717a70326.jpg", "bboxes": [0.17171171400282118, 0.19293293846978074, 0.6061461385091146, 0.7594995011223687], "class": 1}