{"image": "28b03f66-e98b-11ef-8d00-4cd717a70326.jpg", "bboxes": [0.17837838066948786, 0.24272272109985352, 0.6128128051757813, 0.8092892837524414], "class": 1}