{"image": "28b03f66-e98b-11ef-8d00-4cd717a70326.jpg", "bboxes": [0.08504504733615452, 0.21293293846978079, 0.5194794718424479, 0.7794995011223687], "class": 1}