{"image": "38cd7dfc-e98b-11ef-a4ed-4cd717a70326.jpg", "bboxes": [0.022602598402235243, 0.2449449751112196, 0.5311111111111111, 0.795495499504937], "class": 1}