{"image": "38cd7dfc-e98b-11ef-a4ed-4cd717a70326.jpg", "bboxes": [0.5466666666666666, 0.23827830844455303, 1.0, 0.7888288328382704], "class": 1}