{"image": "38cd7dfc-e98b-11ef-a4ed-4cd717a70326.jpg", "bboxes": [0.54, 0.24894894493950737, 1.0, 0.7994994693332248], "class": 1}