{"image": "38cd7dfc-e98b-11ef-a4ed-4cd717a70326.jpg", "bboxes": [0.0, 0.2138338640001085, 0.4955555555555556, 0.7643843883938259], "class": 1}