{"image": "38cd7dfc-e98b-11ef-a4ed-4cd717a70326.jpg", "bboxes": [0.04038037618001302, 0.2000600560506185, 0.5488888888888889, 0.7506105804443359], "class": 1}