{"image": "38cd7dfc-e98b-11ef-a4ed-4cd717a70326.jpg", "bboxes": [0.4111111111111111, 0.2400600560506185, 0.919619623819987, 0.790610580444336], "class": 1}