{"image": "38cd7dfc-e98b-11ef-a4ed-4cd717a70326.jpg", "bboxes": [0.48888888888888893, 0.23827830844455303, 0.9973974015977648, 0.7888288328382704], "class": 1}