{"image": "38cd7dfc-e98b-11ef-a4ed-4cd717a70326.jpg", "bboxes": [0.5733333333333333, 0.21161164177788627, 1.0, 0.7621621661716037], "class": 1}