{"image": "780216bd-e98b-11ef-a9b0-4cd717a70326.jpg", "bboxes": [0.7370570627848307, 0.10684684011671278, 1.0, 0.7014414299858941], "class": 1}