{"image": "780216bd-e98b-11ef-a9b0-4cd717a70326.jpg", "bboxes": [0.0, 0.15129128456115723, 0.5029429372151693, 0.7458858744303385], "class": 1}