{"image": "780216bd-e98b-11ef-a9b0-4cd717a70326.jpg", "bboxes": [0.0, 0.109069062338935, 0.26738738165961373, 0.7036636522081163], "class": 1}