{"image": "780216bd-e98b-11ef-a9b0-4cd717a70326.jpg", "bboxes": [0.0, 0.2785585700141059, 0.26738738165961373, 0.8731531598832872], "class": 1}