{"image": "780216bd-e98b-11ef-a9b0-4cd717a70326.jpg", "bboxes": [0.6659459516737196, 0.1379579512278239, 1.0, 0.7325525410970052], "class": 1}