{"image": "780216bd-e98b-11ef-a9b0-4cd717a70326.jpg", "bboxes": [0.45927928500705295, 0.12240239567226834, 0.9757958009507921, 0.7169969855414496], "class": 1}