{"image": "780216bd-e98b-11ef-a9b0-4cd717a70326.jpg", "bboxes": [0.5948348405626085, 0.2785585700141059, 1.0, 0.8731531598832872], "class": 1}