{"image": "780216bd-e98b-11ef-a9b0-4cd717a70326.jpg", "bboxes": [0.05531531016031901, 0.149069062338935, 0.5718318261040581, 0.7436636522081164], "class": 1}