{"image": "780216bd-e98b-11ef-a9b0-4cd717a70326.jpg", "bboxes": [0.739279285007053, 0.0979579512278239, 1.0, 0.6925525410970053], "class": 1}