{"image": "780216bd-e98b-11ef-a9b0-4cd717a70326.jpg", "bboxes": [0.021981976826985678, 0.1401801734500461, 0.5384984927707248, 0.7347747633192274], "class": 1}