{"image": "780216bd-e98b-11ef-a9b0-4cd717a70326.jpg", "bboxes": [0.6126126183403863, 0.149069062338935, 1.0, 0.7436636522081164], "class": 1}