{"image": "780216bd-e98b-11ef-a9b0-4cd717a70326.jpg", "bboxes": [0.0, 0.30078079223632814, 0.4540540483262804, 0.8953753821055095], "class": 1}