{"image": "78a00ed6-e98b-11ef-a4ef-4cd717a70326.jpg", "bboxes": [0.5080681016710069, 0.23559560351901584, 0.8884484354654948, 0.6620220141940647], "class": 1}