{"image": "78a00ed6-e98b-11ef-a4ef-4cd717a70326.jpg", "bboxes": [0.49695699055989584, 0.1911511590745714, 0.8773373243543837, 0.6175775697496202], "class": 1}