{"image": "78a00ed6-e98b-11ef-a4ef-4cd717a70326.jpg", "bboxes": [0.26488489786783853, 0.19781782574123807, 0.6452652316623264, 0.6242442364162869], "class": 1}