{"image": "78a00ed6-e98b-11ef-a4ef-4cd717a70326.jpg", "bboxes": [0.3426626756456163, 0.37797798580593533, 0.7230430094401041, 0.8044043964809842], "class": 1}