{"image": "78a00ed6-e98b-11ef-a4ef-4cd717a70326.jpg", "bboxes": [0.06488489786783855, 0.38908909691704635, 0.4452652316623264, 0.8155155075920952], "class": 1}