{"image": "78a00ed6-e98b-11ef-a4ef-4cd717a70326.jpg", "bboxes": [0.0, 0.2200400479634603, 0.3674874538845486, 0.6464664586385092], "class": 1}