{"image": "78a00ed6-e98b-11ef-a4ef-4cd717a70326.jpg", "bboxes": [0.30266267564561633, 0.21781782574123806, 0.6830430094401042, 0.6442442364162869], "class": 1}