{"image": "78a00ed6-e98b-11ef-a4ef-4cd717a70326.jpg", "bboxes": [0.41029032389322917, 0.18448449240790474, 0.790670657687717, 0.6109109030829536], "class": 1}