{"image": "78a00ed6-e98b-11ef-a4ef-4cd717a70326.jpg", "bboxes": [0.08044045342339409, 0.38020020802815757, 0.46082078721788194, 0.8066266187032064], "class": 1}