{"image": "78a00ed6-e98b-11ef-a4ef-4cd717a70326.jpg", "bboxes": [0.2959960089789497, 0.20892893685234917, 0.6763763427734375, 0.635355347527398], "class": 1}