{"image": "78a00ed6-e98b-11ef-a4ef-4cd717a70326.jpg", "bboxes": [0.5525125461154514, 0.36020020802815755, 0.9328928799099392, 0.7866266187032064], "class": 1}