{"image": "78a00ed6-e98b-11ef-a4ef-4cd717a70326.jpg", "bboxes": [0.2315515645345052, 0.344644652472602, 0.6119318983289931, 0.7710710631476508], "class": 1}