{"image": "78a00ed6-e98b-11ef-a4ef-4cd717a70326.jpg", "bboxes": [0.5702903238932291, 0.38020020802815757, 0.950670657687717, 0.8066266187032064], "class": 1}