{"image": "78a00ed6-e98b-11ef-a4ef-4cd717a70326.jpg", "bboxes": [0.2547347683376736, 0.17559560351901585, 0.6351151021321615, 0.6020220141940646], "class": 1}