{"image": "78a00ed6-e98b-11ef-a4ef-4cd717a70326.jpg", "bboxes": [0.33599600897894966, 0.344644652472602, 0.7163763427734375, 0.7710710631476508], "class": 1}