{"image": "78a00ed6-e98b-11ef-a4ef-4cd717a70326.jpg", "bboxes": [0.0715515645345052, 0.33797798580593535, 0.45193189832899305, 0.7644043964809841], "class": 1}