{"image": "78a00ed6-e98b-11ef-a4ef-4cd717a70326.jpg", "bboxes": [0.25695699055989585, 0.1822622701856825, 0.6373373243543835, 0.6086886808607314], "class": 1}