{"image": "793c885a-e98b-11ef-bc13-4cd717a70326.jpg", "bboxes": [0.1279079098171658, 0.35975973341200085, 0.5062862481011284, 0.7981981966230605], "class": 1}