{"image": "793c885a-e98b-11ef-bc13-4cd717a70326.jpg", "bboxes": [0.3012412431504991, 0.35975973341200085, 0.6796195814344618, 0.7981981966230605], "class": 1}