{"image": "793c885a-e98b-11ef-bc13-4cd717a70326.jpg", "bboxes": [0.40568568759494356, 0.186246247821384, 0.7840640258789062, 0.6246847110324436], "class": 1}