{"image": "793c885a-e98b-11ef-bc13-4cd717a70326.jpg", "bboxes": [0.18926930745442705, 0.3619819556342231, 0.5676476457383898, 0.8004204188452827], "class": 1}