{"image": "793c885a-e98b-11ef-bc13-4cd717a70326.jpg", "bboxes": [0.5070470852322049, 0.17957958115471734, 0.8854254235161675, 0.6180180443657769], "class": 1}