{"image": "793c885a-e98b-11ef-bc13-4cd717a70326.jpg", "bboxes": [0.43149152967664933, 0.35087084452311207, 0.809869867960612, 0.7893093077341715], "class": 1}