{"image": "793c885a-e98b-11ef-bc13-4cd717a70326.jpg", "bboxes": [0.12124124315049913, 0.2151351367102729, 0.4996195814344618, 0.6535735999213325], "class": 1}