{"image": "793c885a-e98b-11ef-bc13-4cd717a70326.jpg", "bboxes": [0.338158196343316, 0.3886486223008898, 0.7165365346272786, 0.8270870855119493], "class": 1}