{"image": "793c885a-e98b-11ef-bc13-4cd717a70326.jpg", "bboxes": [0.24038041856553816, 0.40420417785644536, 0.6187587568495009, 0.8426426410675049], "class": 1}