{"image": "793c885a-e98b-11ef-bc13-4cd717a70326.jpg", "bboxes": [0.24346346537272134, 0.2173573589324951, 0.6218418036566841, 0.6557958221435547], "class": 1}