{"image": "793c885a-e98b-11ef-bc13-4cd717a70326.jpg", "bboxes": [0.4003804185655382, 0.36642640007866756, 0.7787587568495009, 0.8048648632897271], "class": 1}