{"image": "793c885a-e98b-11ef-bc13-4cd717a70326.jpg", "bboxes": [0.34124124315049914, 0.40420417785644536, 0.7196195814344618, 0.8426426410675049], "class": 1}