{"image": "793c885a-e98b-11ef-bc13-4cd717a70326.jpg", "bboxes": [0.12346346537272135, 0.3886486223008898, 0.5018418036566841, 0.8270870855119493], "class": 1}