{"image": "793c885a-e98b-11ef-bc13-4cd717a70326.jpg", "bboxes": [0.19593597412109376, 0.38420417785644534, 0.5743143124050564, 0.8226426410675048], "class": 1}