{"image": "793c885a-e98b-11ef-bc13-4cd717a70326.jpg", "bboxes": [0.26346346537272136, 0.37975973341200087, 0.641841803656684, 0.8181981966230605], "class": 1}