{"image": "793c885a-e98b-11ef-bc13-4cd717a70326.jpg", "bboxes": [0.218158196343316, 0.19957958115471733, 0.5965365346272786, 0.6380180443657769], "class": 1}