{"image": "793c885a-e98b-11ef-bc13-4cd717a70326.jpg", "bboxes": [0.5012412431504991, 0.1751351367102729, 0.8796195814344618, 0.6135735999213324], "class": 1}