{"image": "79d745c5-e98b-11ef-bdd8-4cd717a70326.jpg", "bboxes": [0.8455255381266276, 0.426026005215115, 1.0, 0.8884884940253364], "class": 1}