{"image": "79d745c5-e98b-11ef-bdd8-4cd717a70326.jpg", "bboxes": [0.0, 0.11151150597466362, 0.1344744618733724, 0.573973994784885], "class": 1}