{"image": "79d745c5-e98b-11ef-bdd8-4cd717a70326.jpg", "bboxes": [0.0, 0.09151150597466363, 0.24114112854003905, 0.553973994784885], "class": 1}