{"image": "79d745c5-e98b-11ef-bdd8-4cd717a70326.jpg", "bboxes": [0.9921922047932943, 0.13817817264133028, 1.0, 0.6006406614515516], "class": 1}