{"image": "79d745c5-e98b-11ef-bdd8-4cd717a70326.jpg", "bboxes": [0.6810810936821832, 0.12040039486355252, 1.0, 0.5828628836737739], "class": 1}