{"image": "79d745c5-e98b-11ef-bdd8-4cd717a70326.jpg", "bboxes": [0.0, 0.4104704496595595, 0.13891890631781684, 0.8729329384697808], "class": 1}