{"image": "79d745c5-e98b-11ef-bdd8-4cd717a70326.jpg", "bboxes": [0.0, 0.09595595041910808, 0.014474461873372396, 0.5584184392293294], "class": 1}