{"image": "79d745c5-e98b-11ef-bdd8-4cd717a70326.jpg", "bboxes": [0.0, 0.12262261708577474, 0.2366966840955946, 0.585085105895996], "class": 1}