{"image": "79d745c5-e98b-11ef-bdd8-4cd717a70326.jpg", "bboxes": [0.0, 0.12706706153021918, 0.3166966840955946, 0.5895295503404405], "class": 1}