{"image": "7b0cb18a-e98b-11ef-8bb4-4cd717a70326.jpg", "bboxes": [0.0, 0.4656056022644043, 0.3311511484781901, 0.9621020889282227], "class": 1}