{"image": "7b0cb18a-e98b-11ef-8bb4-4cd717a70326.jpg", "bboxes": [0.9466266292995876, 0.4344944911532932, 1.0, 0.9309909778171116], "class": 1}