{"image": "7b0cb18a-e98b-11ef-8bb4-4cd717a70326.jpg", "bboxes": [0.0, 0.06678679996066628, 0.08448448181152343, 0.5632832866244846], "class": 1}