{"image": "7b0cb18a-e98b-11ef-8bb4-4cd717a70326.jpg", "bboxes": [0.0, 0.04456457773844403, 0.24892892625596788, 0.5410610644022624], "class": 1}