{"image": "7b0cb18a-e98b-11ef-8bb4-4cd717a70326.jpg", "bboxes": [0.0, 0.07345346662733286, 0.11781781514485677, 0.5699499532911513], "class": 1}