{"image": "7b0cb18a-e98b-11ef-8bb4-4cd717a70326.jpg", "bboxes": [0.9777377404106988, 0.08456457773844406, 1.0, 0.5810610644022624], "class": 1}