{"image": "7b0cb18a-e98b-11ef-8bb4-4cd717a70326.jpg", "bboxes": [0.0, 0.0690090221828884, 0.3178178151448568, 0.5655055088467068], "class": 1}