{"image": "7b0cb18a-e98b-11ef-8bb4-4cd717a70326.jpg", "bboxes": [0.8532932959662544, 0.43671671337551543, 1.0, 0.9332132000393337], "class": 1}