{"image": "7b0cb18a-e98b-11ef-8bb4-4cd717a70326.jpg", "bboxes": [0.0, 0.4167167133755154, 0.33337337070041234, 0.9132132000393338], "class": 1}