{"image": "7b0cb18a-e98b-11ef-8bb4-4cd717a70326.jpg", "bboxes": [0.0, 0.45005004670884874, 0.033373370700412325, 0.9465465333726671], "class": 1}