{"image": "7b0cb18a-e98b-11ef-8bb4-4cd717a70326.jpg", "bboxes": [0.0, 0.062342355516221803, 0.3911511484781901, 0.5588388421800401], "class": 1}