{"image": "7b0cb18a-e98b-11ef-8bb4-4cd717a70326.jpg", "bboxes": [0.6577377404106988, 0.4478278244866265, 1.0, 0.9443243111504449], "class": 1}