{"image": "7b0cb18a-e98b-11ef-8bb4-4cd717a70326.jpg", "bboxes": [0.0, 0.04012013329399955, 0.28670670403374565, 0.536616619957818], "class": 1}