{"image": "7b0cb18a-e98b-11ef-8bb4-4cd717a70326.jpg", "bboxes": [0.0, 0.42782782448662654, 0.04670670403374566, 0.9243243111504449], "class": 1}