{"image": "7b0cb18a-e98b-11ef-8bb4-4cd717a70326.jpg", "bboxes": [0.9466266292995876, 0.45893893559773763, 1.0, 0.955435422261556], "class": 1}