{"image": "7ce12851-e98b-11ef-ac34-4cd717a70326.jpg", "bboxes": [0.7112312655978733, 0.3755155181884766, 1.0, 0.8620020008087158], "class": 1}