{"image": "7ce12851-e98b-11ef-ac34-4cd717a70326.jpg", "bboxes": [0.19103103637695318, 0.13355355474683975, 0.5954354010687934, 0.620040037367079], "class": 1}