{"image": "7ce12851-e98b-11ef-ac34-4cd717a70326.jpg", "bboxes": [0.0, 0.15577577696906195, 0.29321317884657117, 0.6422622595893012], "class": 1}