{"image": "7ce12851-e98b-11ef-ac34-4cd717a70326.jpg", "bboxes": [0.3756757100423177, 0.35773774041069883, 0.780080074734158, 0.844224223030938], "class": 1}