{"image": "7ce12851-e98b-11ef-ac34-4cd717a70326.jpg", "bboxes": [0.11769770304361982, 0.36218218485514314, 0.5221020677354601, 0.8486686674753825], "class": 1}