{"image": "7ce12851-e98b-11ef-ac34-4cd717a70326.jpg", "bboxes": [0.51789793226454, 0.15355355474683974, 0.9223022969563802, 0.640040037367079], "class": 1}