{"image": "7ce12851-e98b-11ef-ac34-4cd717a70326.jpg", "bboxes": [0.6512312655978733, 0.3244044070773654, 1.0, 0.8108908896976047], "class": 1}