{"image": "7ce12851-e98b-11ef-ac34-4cd717a70326.jpg", "bboxes": [0.0, 0.1424424436357286, 0.3376576232910157, 0.6289289262559679], "class": 1}