{"image": "7ce12851-e98b-11ef-ac34-4cd717a70326.jpg", "bboxes": [0.1421421474880642, 0.17799799919128417, 0.5465465121799045, 0.6644844818115234], "class": 1}