{"image": "7ce12851-e98b-11ef-ac34-4cd717a70326.jpg", "bboxes": [0.6712312655978733, 0.15355355474683974, 1.0, 0.640040037367079], "class": 1}