{"image": "7ce12851-e98b-11ef-ac34-4cd717a70326.jpg", "bboxes": [0.0, 0.35329329596625436, 0.28654651217990457, 0.8397797785864936], "class": 1}