{"image": "7ce12851-e98b-11ef-ac34-4cd717a70326.jpg", "bboxes": [0.4445645989312066, 0.37107107374403214, 0.8489689636230469, 0.8575575563642716], "class": 1}