{"image": "7ce12851-e98b-11ef-ac34-4cd717a70326.jpg", "bboxes": [0.5223423767089844, 0.18244244363572862, 0.9267467414008247, 0.6689289262559679], "class": 1}