{"image": "7ce12851-e98b-11ef-ac34-4cd717a70326.jpg", "bboxes": [0.06436436971028647, 0.36662662929958767, 0.46876873440212674, 0.853113111919827], "class": 1}