{"image": "7d7bc810-e98b-11ef-abc6-4cd717a70326.jpg", "bboxes": [0.658738759358724, 0.3145946163601345, 1.0, 0.887167165544298], "class": 1}