{"image": "7d7bc810-e98b-11ef-abc6-4cd717a70326.jpg", "bboxes": [0.0, 0.1372772789001465, 0.47459457397460936, 0.7098498280843099], "class": 1}