{"image": "7d7bc810-e98b-11ef-abc6-4cd717a70326.jpg", "bboxes": [0.39651653713650176, 0.2945946163601345, 0.889009043375651, 0.867167165544298], "class": 1}