{"image": "7d7bc810-e98b-11ef-abc6-4cd717a70326.jpg", "bboxes": [0.059879845513237884, 0.12394394556681315, 0.5523723517523871, 0.6965164947509765], "class": 1}