{"image": "7d7bc810-e98b-11ef-abc6-4cd717a70326.jpg", "bboxes": [0.33873875935872394, 0.3145946163601345, 0.8312312655978733, 0.887167165544298], "class": 1}