{"image": "7d7bc810-e98b-11ef-abc6-4cd717a70326.jpg", "bboxes": [0.04432428995768234, 0.08394394556681316, 0.5368167961968315, 0.6565164947509765], "class": 1}