{"image": "7d7bc810-e98b-11ef-abc6-4cd717a70326.jpg", "bboxes": [0.3920720926920573, 0.10394394556681315, 0.8845645989312066, 0.6765164947509765], "class": 1}