{"image": "7d7bc810-e98b-11ef-abc6-4cd717a70326.jpg", "bboxes": [0.15765762329101562, 0.11727727890014648, 0.6501501295301649, 0.68984982808431], "class": 1}