{"image": "7d7bc810-e98b-11ef-abc6-4cd717a70326.jpg", "bboxes": [0.5854054260253906, 0.08838839001125759, 1.0, 0.660960939195421], "class": 1}