{"image": "7d7bc810-e98b-11ef-abc6-4cd717a70326.jpg", "bboxes": [0.4898498704698351, 0.08172172334459094, 0.9823423767089844, 0.6542942725287544], "class": 1}