{"image": "7d7bc810-e98b-11ef-abc6-4cd717a70326.jpg", "bboxes": [0.20876873440212673, 0.1283883900112576, 0.701261240641276, 0.700960939195421], "class": 1}