{"image": "7d7bc810-e98b-11ef-abc6-4cd717a70326.jpg", "bboxes": [0.3631832038031684, 0.30792794969346793, 0.8556757100423177, 0.8805004988776313], "class": 1}