{"image": "7d7bc810-e98b-11ef-abc6-4cd717a70326.jpg", "bboxes": [0.6387387593587239, 0.14172172334459093, 1.0, 0.7142942725287543], "class": 1}