{"image": "7feac0a8-e98b-11ef-9b90-4cd717a70326.jpg", "bboxes": [0.35423423767089846, 0.14400400161743165, 0.9167967563205295, 0.7466066106160482], "class": 1}