{"image": "7feac0a8-e98b-11ef-9b90-4cd717a70326.jpg", "bboxes": [0.13423423767089843, 0.18622622383965387, 0.6967967563205295, 0.7888288328382704], "class": 1}