{"image": "7feac0a8-e98b-11ef-9b90-4cd717a70326.jpg", "bboxes": [0.37645645989312065, 0.23561561160617406, 0.9390189785427517, 0.8382182206047906], "class": 1}