{"image": "7feac0a8-e98b-11ef-9b90-4cd717a70326.jpg", "bboxes": [0.07653657701280381, 0.19339338938395179, 0.639099095662435, 0.7959959983825684], "class": 1}