{"image": "7feac0a8-e98b-11ef-9b90-4cd717a70326.jpg", "bboxes": [0.0, 0.21117116716172957, 0.5345745340983072, 0.8137737761603462], "class": 1}