{"image": "7feac0a8-e98b-11ef-9b90-4cd717a70326.jpg", "bboxes": [0.12756757100423177, 0.21561561160617404, 0.6901300896538628, 0.8182182206047905], "class": 1}