{"image": "7feac0a8-e98b-11ef-9b90-4cd717a70326.jpg", "bboxes": [0.07209213256835932, 0.15733733495076496, 0.6346546512179905, 0.7599399439493815], "class": 1}