{"image": "7feac0a8-e98b-11ef-9b90-4cd717a70326.jpg", "bboxes": [0.20764768812391488, 0.2311711671617296, 0.770210206773546, 0.8337737761603461], "class": 1}