{"image": "838ff949-e98b-11ef-832c-4cd717a70326.jpg", "bboxes": [0.0, 0.3152552329169379, 0.5189990234375, 0.9679079098171658], "class": 1}