{"image": "838ff949-e98b-11ef-832c-4cd717a70326.jpg", "bboxes": [0.35211208767361113, 0.3330330106947157, 0.9086686621771919, 0.9856856875949436], "class": 1}