{"image": "838ff949-e98b-11ef-832c-4cd717a70326.jpg", "bboxes": [0.0, 0.33525523291693793, 0.5234434678819444, 0.9879079098171658], "class": 1}