{"image": "838ff949-e98b-11ef-832c-4cd717a70326.jpg", "bboxes": [0.004664671156141493, 0.04542542351616753, 0.5612212456597222, 0.6980781004163954], "class": 1}