{"image": "838ff949-e98b-11ef-832c-4cd717a70326.jpg", "bboxes": [0.07799800448947483, 0.27969967736138235, 0.6345545789930556, 0.9323523542616102], "class": 1}