{"image": "838ff949-e98b-11ef-832c-4cd717a70326.jpg", "bboxes": [0.22100097656249992, 0.06098097907172309, 0.7775575510660807, 0.7136336559719509], "class": 1}