{"image": "838ff949-e98b-11ef-832c-4cd717a70326.jpg", "bboxes": [0.1646646711561415, 0.034314312405056425, 0.7212212456597222, 0.6869669893052843], "class": 1}