{"image": "838ff949-e98b-11ef-832c-4cd717a70326.jpg", "bboxes": [0.13133133782280815, 0.04098097907172309, 0.6878879123263889, 0.6936336559719509], "class": 1}