{"image": "838ff949-e98b-11ef-832c-4cd717a70326.jpg", "bboxes": [0.18322319878472226, 0.3285885662502712, 0.7397797732883029, 0.9812412431504991], "class": 1}