{"image": "838ff949-e98b-11ef-832c-4cd717a70326.jpg", "bboxes": [0.26244244893391927, 0.02098097907172309, 0.8189990234375, 0.6736336559719509], "class": 1}