{"image": "842c1996-e98b-11ef-9c45-4cd717a70326.jpg", "bboxes": [0.0, 0.37617619832356775, 0.40038037618001304, 0.9587587594985962], "class": 1}