{"image": "842c1996-e98b-11ef-9c45-4cd717a70326.jpg", "bboxes": [0.0, 0.06790790716807048, 0.26038037618001303, 0.650490468343099], "class": 1}