{"image": "842c1996-e98b-11ef-9c45-4cd717a70326.jpg", "bboxes": [0.559619623819987, 0.35173175387912325, 1.0, 0.9343143150541517], "class": 1}