{"image": "842c1996-e98b-11ef-9c45-4cd717a70326.jpg", "bboxes": [0.5996196238199869, 0.3672873094346788, 1.0, 0.9498698706097073], "class": 1}