{"image": "842c1996-e98b-11ef-9c45-4cd717a70326.jpg", "bboxes": [0.0, 0.3672873094346788, 0.3426025984022352, 0.9498698706097073], "class": 1}