{"image": "842c1996-e98b-11ef-9c45-4cd717a70326.jpg", "bboxes": [0.0, 0.33173175387912324, 0.2692692650689019, 0.9143143150541517], "class": 1}