{"image": "842c1996-e98b-11ef-9c45-4cd717a70326.jpg", "bboxes": [0.0, 0.056796796056959364, 0.49149148729112413, 0.6393793572319878], "class": 1}