{"image": "842c1996-e98b-11ef-9c45-4cd717a70326.jpg", "bboxes": [0.0, 0.33839842054578995, 0.3381581539577908, 0.9209809817208184], "class": 1}