{"image": "842c1996-e98b-11ef-9c45-4cd717a70326.jpg", "bboxes": [0.6218418460422094, 0.06124124050140381, 1.0, 0.6438238016764323], "class": 1}