{"image": "842c1996-e98b-11ef-9c45-4cd717a70326.jpg", "bboxes": [0.0, 0.06568568494584826, 0.3981581539577908, 0.6482682461208767], "class": 1}