{"image": "842c1996-e98b-11ef-9c45-4cd717a70326.jpg", "bboxes": [0.0, 0.08568568494584826, 0.4114914872911241, 0.6682682461208768], "class": 1}