{"image": "84c78dcc-e98b-11ef-84e2-4cd717a70326.jpg", "bboxes": [0.25921920776367186, 0.031631631321377224, 0.8077677578396267, 0.6562562730577257], "class": 1}