{"image": "84c78dcc-e98b-11ef-84e2-4cd717a70326.jpg", "bboxes": [0.0, 0.0, 0.5318919033474392, 0.6229229397243924], "class": 1}