{"image": "84c78dcc-e98b-11ef-84e2-4cd717a70326.jpg", "bboxes": [0.04112113104926218, 0.049409409099155005, 0.589669681125217, 0.6740340508355035], "class": 1}