{"image": "84c78dcc-e98b-11ef-84e2-4cd717a70326.jpg", "bboxes": [0.47255254109700523, 0.37929928249782985, 1.0, 1.0], "class": 1}