{"image": "84c78dcc-e98b-11ef-84e2-4cd717a70326.jpg", "bboxes": [0.11889890882703989, 0.350410393608941, 0.6674474589029948, 0.9750350353452895], "class": 1}