{"image": "84c78dcc-e98b-11ef-84e2-4cd717a70326.jpg", "bboxes": [0.03223224216037324, 0.00718718687693278, 0.5807807922363282, 0.6318118286132812], "class": 1}