{"image": "84c78dcc-e98b-11ef-84e2-4cd717a70326.jpg", "bboxes": [0.450330318874783, 0.04274274243248834, 0.9988788689507379, 0.6673673841688368], "class": 1}