{"image": "84c78dcc-e98b-11ef-84e2-4cd717a70326.jpg", "bboxes": [0.22144142998589408, 0.3326326158311632, 0.7699899800618489, 0.9572572575675117], "class": 1}