{"image": "84c78dcc-e98b-11ef-84e2-4cd717a70326.jpg", "bboxes": [0.330330318874783, 0.011631631321377225, 0.8788788689507379, 0.6362562730577257], "class": 1}