{"image": "84c78dcc-e98b-11ef-84e2-4cd717a70326.jpg", "bboxes": [0.10366365220811632, 0.05385385354359944, 0.6522122022840712, 0.678478495279948], "class": 1}