{"image": "84c78dcc-e98b-11ef-84e2-4cd717a70326.jpg", "bboxes": [0.13223224216037321, 0.32374372694227427, 0.6807807922363281, 0.9483683686786227], "class": 1}