{"image": "8564026f-e98b-11ef-9917-4cd717a70326.jpg", "bboxes": [0.10432433234320747, 0.26144144058227536, 0.5928128051757813, 0.8320120366414389], "class": 1}