{"image": "8564026f-e98b-11ef-9917-4cd717a70326.jpg", "bboxes": [0.4776576656765408, 0.1568768522474501, 0.9661461385091146, 0.7274474483066137], "class": 1}