{"image": "8564026f-e98b-11ef-9917-4cd717a70326.jpg", "bboxes": [0.4360760837131077, 0.2436636628044976, 0.9245645565456814, 0.8142342588636611], "class": 1}