{"image": "8564026f-e98b-11ef-9917-4cd717a70326.jpg", "bboxes": [0.06274275037977428, 0.2436636628044976, 0.5512312232123481, 0.8142342588636611], "class": 1}