{"image": "8564026f-e98b-11ef-9917-4cd717a70326.jpg", "bboxes": [0.18940941704644096, 0.15021018558078347, 0.6778978898790148, 0.7207807816399469], "class": 1}