{"image": "8564026f-e98b-11ef-9917-4cd717a70326.jpg", "bboxes": [0.18432433234320747, 0.2747747739156087, 0.6728128051757812, 0.8453453699747722], "class": 1}