{"image": "8564026f-e98b-11ef-9917-4cd717a70326.jpg", "bboxes": [0.2671871948242187, 0.29921921836005316, 0.7556756676567925, 0.8697898144192165], "class": 1}