{"image": "8564026f-e98b-11ef-9917-4cd717a70326.jpg", "bboxes": [0.21385386149088537, 0.145765741136339, 0.7023423343234592, 0.7163363371955024], "class": 1}