{"image": "8564026f-e98b-11ef-9917-4cd717a70326.jpg", "bboxes": [0.24654655456542968, 0.26144144058227536, 0.7350350273980035, 0.8320120366414389], "class": 1}