{"image": "85fe9205-e98b-11ef-b1fa-4cd717a70326.jpg", "bboxes": [0.4017217339409722, 0.2309509457482232, 0.9162362331814237, 0.863583598666721], "class": 1}