{"image": "85fe9205-e98b-11ef-b1fa-4cd717a70326.jpg", "bboxes": [0.2348748779296875, 0.21317316797044542, 0.7493893771701389, 0.8458058208889432], "class": 1}