{"image": "85fe9205-e98b-11ef-b1fa-4cd717a70326.jpg", "bboxes": [0.32820821126302085, 0.2509509457482232, 0.8427227105034722, 0.8835835986667209], "class": 1}