{"image": "85fe9205-e98b-11ef-b1fa-4cd717a70326.jpg", "bboxes": [0.10598598904079862, 0.1408608457777235, 0.62050048828125, 0.7734934986962212], "class": 1}