{"image": "85fe9205-e98b-11ef-b1fa-4cd717a70326.jpg", "bboxes": [0.14394395616319444, 0.16752751244439024, 0.6584584554036458, 0.8001601653628879], "class": 1}