{"image": "85fe9205-e98b-11ef-b1fa-4cd717a70326.jpg", "bboxes": [0.29727728949652776, 0.24872872352600098, 0.8117917887369792, 0.8813613764444987], "class": 1}