{"image": "85fe9205-e98b-11ef-b1fa-4cd717a70326.jpg", "bboxes": [0.47727728949652787, 0.13197195688883467, 0.9917917887369792, 0.7646046098073324], "class": 1}