{"image": "85fe9205-e98b-11ef-b1fa-4cd717a70326.jpg", "bboxes": [0.26820821126302086, 0.2620620568593343, 0.7827227105034722, 0.894694709777832], "class": 1}