{"image": "85fe9205-e98b-11ef-b1fa-4cd717a70326.jpg", "bboxes": [0.10820821126302084, 0.23317316797044543, 0.6227227105034723, 0.8658058208889431], "class": 1}