{"image": "85fe9205-e98b-11ef-b1fa-4cd717a70326.jpg", "bboxes": [0.47727728949652787, 0.22650650130377875, 0.9917917887369792, 0.8591391542222765], "class": 1}