{"image": "85fe9205-e98b-11ef-b1fa-4cd717a70326.jpg", "bboxes": [0.2748748779296875, 0.24428427908155653, 0.7893893771701389, 0.8769169320000543], "class": 1}