{"image": "85fe9205-e98b-11ef-b1fa-4cd717a70326.jpg", "bboxes": [0.33505506727430556, 0.20428427908155652, 0.8495695665147569, 0.8369169320000542], "class": 1}