{"image": "85fe9205-e98b-11ef-b1fa-4cd717a70326.jpg", "bboxes": [0.1417217339409722, 0.2620620568593343, 0.6562362331814234, 0.894694709777832], "class": 1}