{"image": "85fe9205-e98b-11ef-b1fa-4cd717a70326.jpg", "bboxes": [0.4061661783854167, 0.1719719568888346, 0.920680677625868, 0.8046046098073324], "class": 1}