{"image": "85fe9205-e98b-11ef-b1fa-4cd717a70326.jpg", "bboxes": [0.34598598904079864, 0.25761761241488984, 0.86050048828125, 0.8902502653333876], "class": 1}