{"image": "85fe9205-e98b-11ef-b1fa-4cd717a70326.jpg", "bboxes": [0.14598598904079862, 0.2598398346371121, 0.66050048828125, 0.8924724875556098], "class": 1}