{"image": "85fe9205-e98b-11ef-b1fa-4cd717a70326.jpg", "bboxes": [0.5261661783854167, 0.1341941791110569, 1.0, 0.7668268320295546], "class": 1}