{"image": "85fe9205-e98b-11ef-b1fa-4cd717a70326.jpg", "bboxes": [0.3261661783854166, 0.20650650130377876, 0.8406806776258681, 0.8391391542222765], "class": 1}