{"image": "85fe9205-e98b-11ef-b1fa-4cd717a70326.jpg", "bboxes": [0.23283284505208332, 0.12308306799994573, 0.7473473442925347, 0.7557157209184435], "class": 1}