{"image": "85fe9205-e98b-11ef-b1fa-4cd717a70326.jpg", "bboxes": [0.25727728949652773, 0.22428427908155654, 0.7717917887369792, 0.8569169320000543], "class": 1}