{"image": "85fe9205-e98b-11ef-b1fa-4cd717a70326.jpg", "bboxes": [0.0, 0.11197195688883466, 0.45605604383680554, 0.7446046098073323], "class": 1}