{"image": "87ceaf05-e98b-11ef-b769-4cd717a70326.jpg", "bboxes": [0.2743944295247396, 0.37021022796630865, 0.7768969133165148, 0.9067467466990153], "class": 1}