{"image": "87ceaf05-e98b-11ef-b769-4cd717a70326.jpg", "bboxes": [0.3632833184136285, 0.07547547552320692, 0.8657858022054037, 0.6120119942559137], "class": 1}