{"image": "87ceaf05-e98b-11ef-b769-4cd717a70326.jpg", "bboxes": [0.09199197557237414, 0.07547547552320692, 0.5944944593641494, 0.6120119942559137], "class": 1}