{"image": "87ceaf05-e98b-11ef-b769-4cd717a70326.jpg", "bboxes": [0.03199197557237413, 0.3835435612996419, 0.5344944593641493, 0.9200800800323486], "class": 1}