{"image": "87ceaf05-e98b-11ef-b769-4cd717a70326.jpg", "bboxes": [0.24310308668348524, 0.3479880057440864, 0.7456055704752604, 0.8845245244767931], "class": 1}