{"image": "87ceaf05-e98b-11ef-b769-4cd717a70326.jpg", "bboxes": [0.32994998508029516, 0.09103103107876248, 0.8324524688720704, 0.6275675498114692], "class": 1}