{"image": "87ceaf05-e98b-11ef-b769-4cd717a70326.jpg", "bboxes": [0.24754753112792968, 0.354654672410753, 0.7500500149197049, 0.8911911911434598], "class": 1}