{"image": "87ceaf05-e98b-11ef-b769-4cd717a70326.jpg", "bboxes": [0.06532530890570747, 0.3990991168551975, 0.5678277926974826, 0.9356356355879042], "class": 1}