{"image": "87ceaf05-e98b-11ef-b769-4cd717a70326.jpg", "bboxes": [0.4032833184136285, 0.08436436441209581, 0.9057858022054036, 0.6209008831448025], "class": 1}