{"image": "87ceaf05-e98b-11ef-b769-4cd717a70326.jpg", "bboxes": [0.218838873969184, 0.41021022796630857, 0.7213413577609592, 0.9467467466990153], "class": 1}