{"image": "87ceaf05-e98b-11ef-b769-4cd717a70326.jpg", "bboxes": [0.17217220730251737, 0.1132532533009847, 0.6746746910942925, 0.6497897720336914], "class": 1}