{"image": "87ceaf05-e98b-11ef-b769-4cd717a70326.jpg", "bboxes": [0.11199197557237413, 0.05769769774542915, 0.6144944593641493, 0.5942342164781359], "class": 1}