{"image": "87ceaf05-e98b-11ef-b769-4cd717a70326.jpg", "bboxes": [0.24976975335015192, 0.06436436441209581, 0.752272237141927, 0.6009008831448025], "class": 1}