{"image": "88699727-e98b-11ef-a862-4cd717a70326.jpg", "bboxes": [0.21121122572157114, 0.1272672748565674, 0.7477477603488498, 0.7098498280843099], "class": 1}