{"image": "88699727-e98b-11ef-a862-4cd717a70326.jpg", "bboxes": [0.10898900349934892, 0.10282283041212294, 0.6455255381266276, 0.6854053836398655], "class": 1}