{"image": "88699727-e98b-11ef-a862-4cd717a70326.jpg", "bboxes": [0.16898900349934898, 0.29681683858235675, 0.7055255381266275, 0.8793993918100993], "class": 1}