{"image": "88699727-e98b-11ef-a862-4cd717a70326.jpg", "bboxes": [0.2401001146104601, 0.31015017191569005, 0.7766366492377387, 0.8927327251434326], "class": 1}