{"image": "88699727-e98b-11ef-a862-4cd717a70326.jpg", "bboxes": [0.30676678127712675, 0.1183783859676785, 0.8433033159044054, 0.700960939195421], "class": 1}