{"image": "88699727-e98b-11ef-a862-4cd717a70326.jpg", "bboxes": [0.448989003499349, 0.2945946163601345, 0.9855255381266276, 0.8771771695878771], "class": 1}