{"image": "88699727-e98b-11ef-a862-4cd717a70326.jpg", "bboxes": [0.10010011461046009, 0.08726727485656738, 0.6366366492377387, 0.6698498280843099], "class": 1}