{"image": "88699727-e98b-11ef-a862-4cd717a70326.jpg", "bboxes": [0.09003001742892795, 0.3368168385823568, 0.6265665520562066, 0.9193993918100993], "class": 1}