{"image": "88699727-e98b-11ef-a862-4cd717a70326.jpg", "bboxes": [0.06454455905490453, 0.07171171930101183, 0.6010810936821832, 0.6542942725287544], "class": 1}