{"image": "88699727-e98b-11ef-a862-4cd717a70326.jpg", "bboxes": [0.32010011461046006, 0.1183783859676785, 0.8566366492377387, 0.700960939195421], "class": 1}