{"image": "88699727-e98b-11ef-a862-4cd717a70326.jpg", "bboxes": [0.32454455905490454, 0.10060060818990071, 0.8610810936821831, 0.6831831614176432], "class": 1}