{"image": "88699727-e98b-11ef-a862-4cd717a70326.jpg", "bboxes": [0.14114112854003907, 0.12282283041212294, 0.6776776631673177, 0.7054053836398655], "class": 1}