{"image": "899f52ec-e98b-11ef-b018-4cd717a70326.jpg", "bboxes": [0.0, 0.27857860989040795, 0.46956956651475695, 0.8611611631181505], "class": 1}