{"image": "899f52ec-e98b-11ef-b018-4cd717a70326.jpg", "bboxes": [0.39709710015190963, 0.11439439243740505, 0.9396396425035265, 0.6969769456651476], "class": 1}