{"image": "899f52ec-e98b-11ef-b018-4cd717a70326.jpg", "bboxes": [0.22036035749647354, 0.14550550354851616, 0.7629028998480902, 0.7280880567762587], "class": 1}