{"image": "899f52ec-e98b-11ef-b018-4cd717a70326.jpg", "bboxes": [0.22036035749647354, 0.12106105910407172, 0.7629028998480902, 0.7036436123318143], "class": 1}