{"image": "899f52ec-e98b-11ef-b018-4cd717a70326.jpg", "bboxes": [0.3926526557074653, 0.27191194322374135, 0.935195198059082, 0.8544944964514838], "class": 1}