{"image": "899f52ec-e98b-11ef-b018-4cd717a70326.jpg", "bboxes": [0.4104304334852431, 0.29635638766818573, 0.9529729758368598, 0.8789389408959283], "class": 1}