{"image": "899f52ec-e98b-11ef-b018-4cd717a70326.jpg", "bboxes": [0.2459859890407986, 0.33191194322374135, 0.7885285313924152, 0.9144944964514838], "class": 1}