{"image": "899f52ec-e98b-11ef-b018-4cd717a70326.jpg", "bboxes": [0.2882082112630209, 0.13217217021518282, 0.8307507536146376, 0.7147547234429253], "class": 1}