{"image": "899f52ec-e98b-11ef-b018-4cd717a70326.jpg", "bboxes": [0.2159159130520291, 0.3252452765570747, 0.7584584554036459, 0.9078278297848171], "class": 1}