{"image": "899f52ec-e98b-11ef-b018-4cd717a70326.jpg", "bboxes": [0.0, 0.3208008321126302, 0.42734734429253474, 0.9033833853403728], "class": 1}