{"image": "899f52ec-e98b-11ef-b018-4cd717a70326.jpg", "bboxes": [0.04924924638536241, 0.2896897210015192, 0.5917917887369791, 0.8722722742292618], "class": 1}