{"image": "899f52ec-e98b-11ef-b018-4cd717a70326.jpg", "bboxes": [0.264804801940918, 0.10550550354851616, 0.8073473442925347, 0.6880880567762587], "class": 1}