{"image": "28b03f66-e98b-11ef-8d00-4cd717a70326.jpg", "bboxes": [0.0, 0.23827827665540907, 0.3394794718424479, 0.804844839307997], "class": 1}