{"image": "28b03f66-e98b-11ef-8d00-4cd717a70326.jpg", "bboxes": [0.25607608371310764, 0.2062662718031142, 0.690510508219401, 0.7728328344557021], "class": 1}