{"image": "28b03f66-e98b-11ef-8d00-4cd717a70326.jpg", "bboxes": [0.01171171400282118, 0.21605605443318684, 0.4461461385091146, 0.7826226170857747], "class": 1}