{"image": "28b03f66-e98b-11ef-8d00-4cd717a70326.jpg", "bboxes": [0.1450450473361545, 0.23605605443318686, 0.579479471842448, 0.8026226170857748], "class": 1}