{"image": "28b03f66-e98b-11ef-8d00-4cd717a70326.jpg", "bboxes": [0.5338538614908854, 0.22494494332207574, 0.9682882859971789, 0.7915115059746636], "class": 1}