{"image": "28b03f66-e98b-11ef-8d00-4cd717a70326.jpg", "bboxes": [0.5827427503797743, 0.19737738291422524, 1.0, 0.7639439455668131], "class": 1}