{"image": "28b03f66-e98b-11ef-8d00-4cd717a70326.jpg", "bboxes": [0.6405205281575521, 0.18404404958089193, 1.0, 0.7506106122334798], "class": 1}