{"image": "28b03f66-e98b-11ef-8d00-4cd717a70326.jpg", "bboxes": [0.3049649726019965, 0.21737738291422526, 0.73939939710829, 0.7839439455668131], "class": 1}