{"image": "28b03f66-e98b-11ef-8d00-4cd717a70326.jpg", "bboxes": [0.6338538614908854, 0.24716716554429796, 1.0, 0.8137337281968858], "class": 1}