{"image": "28b03f66-e98b-11ef-8d00-4cd717a70326.jpg", "bboxes": [0.033933936225043405, 0.20182182735866971, 0.4683683607313368, 0.7683883900112576], "class": 1}