{"image": "28b03f66-e98b-11ef-8d00-4cd717a70326.jpg", "bboxes": [0.2605205281575521, 0.23161160998874242, 0.6949549526638454, 0.7981781726413303], "class": 1}