{"image": "28b03f66-e98b-11ef-8d00-4cd717a70326.jpg", "bboxes": [0.0, 0.20404404958089195, 0.34170169406467016, 0.7706106122334798], "class": 1}