{"image": "28b03f66-e98b-11ef-8d00-4cd717a70326.jpg", "bboxes": [0.12948949178059896, 0.2262662718031141, 0.5639239162868923, 0.7928328344557021], "class": 1}