{"image": "28b03f66-e98b-11ef-8d00-4cd717a70326.jpg", "bboxes": [0.5805205281575521, 0.24404404958089188, 1.0, 0.8106106122334799], "class": 1}