{"image": "28b03f66-e98b-11ef-8d00-4cd717a70326.jpg", "bboxes": [0.3560760837131076, 0.22716716554429797, 0.790510508219401, 0.7937337281968858], "class": 1}