{"image": "28b03f66-e98b-11ef-8d00-4cd717a70326.jpg", "bboxes": [0.2583783806694879, 0.2005004988776313, 0.6928128051757813, 0.7670670615302192], "class": 1}