{"image": "28b03f66-e98b-11ef-8d00-4cd717a70326.jpg", "bboxes": [0.6560760837131077, 0.2538338322109646, 1.0, 0.8204003948635525], "class": 1}