{"image": "28b03f66-e98b-11ef-8d00-4cd717a70326.jpg", "bboxes": [0.4805205281575521, 0.2395996051364475, 0.9149549526638455, 0.8061661677890354], "class": 1}