{"image": "28b03f66-e98b-11ef-8d00-4cd717a70326.jpg", "bboxes": [0.6182983059353299, 0.2329329384697808, 1.0, 0.7994995011223687], "class": 1}