{"image": "28b03f66-e98b-11ef-8d00-4cd717a70326.jpg", "bboxes": [0.3938538614908854, 0.2329329384697808, 0.8282882859971789, 0.7994995011223687], "class": 1}