{"image": "28b03f66-e98b-11ef-8d00-4cd717a70326.jpg", "bboxes": [0.3360760837131076, 0.23383383221096463, 0.770510508219401, 0.8004003948635525], "class": 1}