{"image": "28b03f66-e98b-11ef-8d00-4cd717a70326.jpg", "bboxes": [0.0, 0.23515516069200304, 0.40170169406467016, 0.8017217233445909], "class": 1}