{"image": "28b03f66-e98b-11ef-8d00-4cd717a70326.jpg", "bboxes": [0.5382983059353299, 0.24494494332207573, 0.9727327304416232, 0.8115115059746636], "class": 1}