{"image": "28b03f66-e98b-11ef-8d00-4cd717a70326.jpg", "bboxes": [0.3538538614908854, 0.23161160998874242, 0.7882882859971788, 0.7981781726413303], "class": 1}