{"image": "38cd7dfc-e98b-11ef-a4ed-4cd717a70326.jpg", "bboxes": [0.36444444444444446, 0.23605608622233076, 0.8729529571533203, 0.7866066106160482], "class": 1}