{"image": "38cd7dfc-e98b-11ef-a4ed-4cd717a70326.jpg", "bboxes": [0.044824820624457466, 0.2511711671617296, 0.5533333333333333, 0.801721691555447], "class": 1}