{"image": "38cd7dfc-e98b-11ef-a4ed-4cd717a70326.jpg", "bboxes": [0.5111111111111111, 0.19561561160617405, 1.0, 0.7461661359998915], "class": 1}