{"image": "38cd7dfc-e98b-11ef-a4ed-4cd717a70326.jpg", "bboxes": [0.41333333333333333, 0.2005005306667752, 0.9218418460422092, 0.7510510550604926], "class": 1}