{"image": "38cd7dfc-e98b-11ef-a4ed-4cd717a70326.jpg", "bboxes": [0.240380376180013, 0.19561561160617405, 0.7488888888888889, 0.7461661359998915], "class": 1}