{"image": "38cd7dfc-e98b-11ef-a4ed-4cd717a70326.jpg", "bboxes": [0.2759359317355686, 0.21827830844455298, 0.7844444444444445, 0.7688288328382704], "class": 1}