{"image": "38cd7dfc-e98b-11ef-a4ed-4cd717a70326.jpg", "bboxes": [0.3622222222222222, 0.22272275288899734, 0.8707307349310981, 0.7732732772827149], "class": 1}