{"image": "38cd7dfc-e98b-11ef-a4ed-4cd717a70326.jpg", "bboxes": [0.37555555555555553, 0.2311711671617296, 0.8840640682644314, 0.781721691555447], "class": 1}