{"image": "38cd7dfc-e98b-11ef-a4ed-4cd717a70326.jpg", "bboxes": [0.3288888888888889, 0.22228227827284072, 0.8373974015977648, 0.7728328026665582], "class": 1}