{"image": "38cd7dfc-e98b-11ef-a4ed-4cd717a70326.jpg", "bboxes": [0.4733333333333334, 0.21561561160617404, 0.9818418460422093, 0.7661661359998915], "class": 1}