{"image": "38cd7dfc-e98b-11ef-a4ed-4cd717a70326.jpg", "bboxes": [0.5577777777777777, 0.22672672271728517, 1.0, 0.7772772471110027], "class": 1}