{"image": "38cd7dfc-e98b-11ef-a4ed-4cd717a70326.jpg", "bboxes": [0.4688888888888889, 0.24894894493950737, 0.9773974015977648, 0.7994994693332248], "class": 1}