{"image": "38cd7dfc-e98b-11ef-a4ed-4cd717a70326.jpg", "bboxes": [0.4666666666666667, 0.23561561160617406, 0.9751751793755425, 0.7861661359998915], "class": 1}