{"image": "38cd7dfc-e98b-11ef-a4ed-4cd717a70326.jpg", "bboxes": [0.2844444444444445, 0.25383386400010854, 0.7929529571533203, 0.804384388393826], "class": 1}