{"image": "38cd7dfc-e98b-11ef-a4ed-4cd717a70326.jpg", "bboxes": [0.4377777777777778, 0.21339338938395183, 0.9462862904866537, 0.7639439137776692], "class": 1}