{"image": "38cd7dfc-e98b-11ef-a4ed-4cd717a70326.jpg", "bboxes": [0.024824820624457466, 0.25383386400010854, 0.5333333333333333, 0.804384388393826], "class": 1}