{"image": "38cd7dfc-e98b-11ef-a4ed-4cd717a70326.jpg", "bboxes": [0.25593593173556856, 0.2511711671617296, 0.7644444444444445, 0.801721691555447], "class": 1}