{"image": "38cd7dfc-e98b-11ef-a4ed-4cd717a70326.jpg", "bboxes": [0.05371370951334636, 0.21605608622233077, 0.5622222222222222, 0.7666066106160482], "class": 1}