{"image": "38cd7dfc-e98b-11ef-a4ed-4cd717a70326.jpg", "bboxes": [0.28038037618001305, 0.20494497511121956, 0.7888888888888889, 0.7554954995049371], "class": 1}