{"image": "38cd7dfc-e98b-11ef-a4ed-4cd717a70326.jpg", "bboxes": [0.2155555555555555, 0.2071671973334418, 0.7240640682644314, 0.7577177217271593], "class": 1}