{"image": "38cd7dfc-e98b-11ef-a4ed-4cd717a70326.jpg", "bboxes": [0.09593593173556858, 0.20894894493950739, 0.6044444444444445, 0.7594994693332249], "class": 1}