{"image": "38cd7dfc-e98b-11ef-a4ed-4cd717a70326.jpg", "bboxes": [0.14482482062445748, 0.2516116417778863, 0.6533333333333333, 0.8021621661716037], "class": 1}