{"image": "38cd7dfc-e98b-11ef-a4ed-4cd717a70326.jpg", "bboxes": [0.48444444444444446, 0.22716719733344182, 0.9929529571533203, 0.7777177217271593], "class": 1}