{"image": "38cd7dfc-e98b-11ef-a4ed-4cd717a70326.jpg", "bboxes": [0.31999999999999995, 0.2311711671617296, 0.8285085127088758, 0.781721691555447], "class": 1}