{"image": "38cd7dfc-e98b-11ef-a4ed-4cd717a70326.jpg", "bboxes": [0.45777777777777773, 0.2560560862223308, 0.9662862904866536, 0.8066066106160482], "class": 1}