{"image": "38cd7dfc-e98b-11ef-a4ed-4cd717a70326.jpg", "bboxes": [0.1870470428466797, 0.20450450049506294, 0.6955555555555556, 0.7550550248887804], "class": 1}