{"image": "38cd7dfc-e98b-11ef-a4ed-4cd717a70326.jpg", "bboxes": [0.0, 0.1933933893839518, 0.5044444444444445, 0.7439439137776692], "class": 1}