{"image": "780216bd-e98b-11ef-a9b0-4cd717a70326.jpg", "bboxes": [0.0, 0.29633634779188367, 0.23405404832628038, 0.890930937661065], "class": 1}