{"image": "780216bd-e98b-11ef-a9b0-4cd717a70326.jpg", "bboxes": [0.0, 0.25855857001410587, 0.36072071499294706, 0.8531531598832872], "class": 1}