{"image": "780216bd-e98b-11ef-a9b0-4cd717a70326.jpg", "bboxes": [0.0, 0.25633634779188363, 0.42960960388183594, 0.850930937661065], "class": 1}