{"image": "780216bd-e98b-11ef-a9b0-4cd717a70326.jpg", "bboxes": [0.36816817389594175, 0.2718919033474393, 0.884684689839681, 0.8664864932166205], "class": 1}