{"image": "780216bd-e98b-11ef-a9b0-4cd717a70326.jpg", "bboxes": [0.5637237294514974, 0.15573572900560168, 1.0, 0.750330318874783], "class": 1}