{"image": "780216bd-e98b-11ef-a9b0-4cd717a70326.jpg", "bboxes": [0.061981976826985676, 0.2741141255696614, 0.5784984927707248, 0.8687087154388428], "class": 1}