{"image": "780216bd-e98b-11ef-a9b0-4cd717a70326.jpg", "bboxes": [0.610390396118164, 0.309669681125217, 1.0, 0.9042642709943983], "class": 1}