{"image": "780216bd-e98b-11ef-a9b0-4cd717a70326.jpg", "bboxes": [0.0, 0.10462461789449055, 0.4451651594373915, 0.6992192077636719], "class": 1}