{"image": "780216bd-e98b-11ef-a9b0-4cd717a70326.jpg", "bboxes": [0.0, 0.14462461789449055, 0.4029429372151693, 0.7392192077636719], "class": 1}