{"image": "780216bd-e98b-11ef-a9b0-4cd717a70326.jpg", "bboxes": [0.44594595167371964, 0.2652252366807726, 0.9624624676174588, 0.8598198265499539], "class": 1}