{"image": "780216bd-e98b-11ef-a9b0-4cd717a70326.jpg", "bboxes": [0.7592792850070528, 0.3118919033474392, 1.0, 0.9064864932166206], "class": 1}