{"image": "780216bd-e98b-11ef-a9b0-4cd717a70326.jpg", "bboxes": [0.0, 0.25189190334743927, 0.4184984927707248, 0.8464864932166205], "class": 1}