{"image": "780216bd-e98b-11ef-a9b0-4cd717a70326.jpg", "bboxes": [0.5192792850070529, 0.13351350678337945, 1.0, 0.7281080966525607], "class": 1}