{"image": "780216bd-e98b-11ef-a9b0-4cd717a70326.jpg", "bboxes": [0.6037237294514974, 0.15351350678337944, 1.0, 0.7481080966525607], "class": 1}