{"image": "780216bd-e98b-11ef-a9b0-4cd717a70326.jpg", "bboxes": [0.010870865715874567, 0.2607807922363281, 0.5273873816596137, 0.8553753821055095], "class": 1}