{"image": "780216bd-e98b-11ef-a9b0-4cd717a70326.jpg", "bboxes": [0.7637237294514974, 0.10462461789449055, 1.0, 0.6992192077636719], "class": 1}