{"image": "780216bd-e98b-11ef-a9b0-4cd717a70326.jpg", "bboxes": [0.0, 0.3052252366807726, 0.2940540483262804, 0.8998198265499538], "class": 1}