{"image": "780216bd-e98b-11ef-a9b0-4cd717a70326.jpg", "bboxes": [0.5415015072292751, 0.30744745890299474, 1.0, 0.9020420487721761], "class": 1}