{"image": "780216bd-e98b-11ef-a9b0-4cd717a70326.jpg", "bboxes": [0.048648643493652347, 0.12240239567226834, 0.5651651594373915, 0.7169969855414496], "class": 1}