{"image": "780216bd-e98b-11ef-a9b0-4cd717a70326.jpg", "bboxes": [0.0, 0.14240239567226834, 0.25849849277072484, 0.7369969855414497], "class": 1}