{"image": "780216bd-e98b-11ef-a9b0-4cd717a70326.jpg", "bboxes": [0.40372372945149737, 0.309669681125217, 0.9202402453952365, 0.9042642709943983], "class": 1}