{"image": "780216bd-e98b-11ef-a9b0-4cd717a70326.jpg", "bboxes": [0.45261261834038624, 0.15351350678337944, 0.9691291342841254, 0.7481080966525607], "class": 1}