{"image": "780216bd-e98b-11ef-a9b0-4cd717a70326.jpg", "bboxes": [0.11753753238254123, 0.13351350678337945, 0.6340540483262804, 0.7281080966525607], "class": 1}