{"image": "780216bd-e98b-11ef-a9b0-4cd717a70326.jpg", "bboxes": [0.7570570627848308, 0.14462461789449055, 1.0, 0.7392192077636719], "class": 1}