{"image": "780216bd-e98b-11ef-a9b0-4cd717a70326.jpg", "bboxes": [0.0, 0.26300301445855034, 0.24294293721516927, 0.8575976043277317], "class": 1}