{"image": "78a00ed6-e98b-11ef-a4ef-4cd717a70326.jpg", "bboxes": [0.3382182312011719, 0.21559560351901585, 0.7185985649956598, 0.6420220141940647], "class": 1}