{"image": "78a00ed6-e98b-11ef-a4ef-4cd717a70326.jpg", "bboxes": [0.6414014350043403, 0.20448449240790473, 1.0, 0.6309109030829536], "class": 1}