{"image": "78a00ed6-e98b-11ef-a4ef-4cd717a70326.jpg", "bboxes": [0.029329342312282985, 0.33575576358371306, 0.40970967610677084, 0.7621821742587621], "class": 1}