{"image": "78a00ed6-e98b-11ef-a4ef-4cd717a70326.jpg", "bboxes": [0.22488489786783855, 0.20448449240790473, 0.6052652316623264, 0.6309109030829536], "class": 1}