{"image": "78a00ed6-e98b-11ef-a4ef-4cd717a70326.jpg", "bboxes": [0.01377378675672743, 0.18892893685234918, 0.3941541205512153, 0.615355347527398], "class": 1}