{"image": "78a00ed6-e98b-11ef-a4ef-4cd717a70326.jpg", "bboxes": [0.4836236572265625, 0.18670671463012695, 0.8640039910210503, 0.6131331253051758], "class": 1}