{"image": "78a00ed6-e98b-11ef-a4ef-4cd717a70326.jpg", "bboxes": [0.5214014350043403, 0.2200400479634603, 0.9017817687988281, 0.6464664586385092], "class": 1}