{"image": "78a00ed6-e98b-11ef-a4ef-4cd717a70326.jpg", "bboxes": [0.10710712009006076, 0.1822622701856825, 0.4874874538845486, 0.6086886808607314], "class": 1}