{"image": "78a00ed6-e98b-11ef-a4ef-4cd717a70326.jpg", "bboxes": [0.2537737867567274, 0.38686687469482417, 0.6341541205512152, 0.813293285369873], "class": 1}