{"image": "78a00ed6-e98b-11ef-a4ef-4cd717a70326.jpg", "bboxes": [0.23599600897894965, 0.3490890969170465, 0.6163763427734374, 0.7755155075920953], "class": 1}