{"image": "78a00ed6-e98b-11ef-a4ef-4cd717a70326.jpg", "bboxes": [0.0204404534233941, 0.2111511590745714, 0.40082078721788195, 0.6375775697496202], "class": 1}