{"image": "78a00ed6-e98b-11ef-a4ef-4cd717a70326.jpg", "bboxes": [0.08266267564561632, 0.3557557635837131, 0.4630430094401042, 0.7821821742587619], "class": 1}