{"image": "78a00ed6-e98b-11ef-a4ef-4cd717a70326.jpg", "bboxes": [0.3614014350043403, 0.2111511590745714, 0.7417817687988282, 0.6375775697496202], "class": 1}