{"image": "78a00ed6-e98b-11ef-a4ef-4cd717a70326.jpg", "bboxes": [0.32488489786783853, 0.3935335413614909, 0.7052652316623264, 0.8199599520365397], "class": 1}