{"image": "78a00ed6-e98b-11ef-a4ef-4cd717a70326.jpg", "bboxes": [0.3182182312011719, 0.34686687469482425, 0.6985985649956598, 0.7732932853698731], "class": 1}