{"image": "78a00ed6-e98b-11ef-a4ef-4cd717a70326.jpg", "bboxes": [0.08710712009006076, 0.1733733812967936, 0.4674874538845486, 0.5997997919718424], "class": 1}