{"image": "78a00ed6-e98b-11ef-a4ef-4cd717a70326.jpg", "bboxes": [0.26710712009006077, 0.23781782574123805, 0.6474874538845486, 0.6642442364162869], "class": 1}