{"image": "78a00ed6-e98b-11ef-a4ef-4cd717a70326.jpg", "bboxes": [0.45695699055989586, 0.33797798580593535, 0.8373373243543837, 0.7644043964809841], "class": 1}