{"image": "793c885a-e98b-11ef-bc13-4cd717a70326.jpg", "bboxes": [0.12704708523220487, 0.3375375111897786, 0.5054254235161675, 0.7759759744008382], "class": 1}