{"image": "793c885a-e98b-11ef-bc13-4cd717a70326.jpg", "bboxes": [0.2967967987060547, 0.21291291448805066, 0.6751751369900174, 0.6513513776991102], "class": 1}