{"image": "793c885a-e98b-11ef-bc13-4cd717a70326.jpg", "bboxes": [0.22704708523220485, 0.206246247821384, 0.6054254235161676, 0.6446847110324436], "class": 1}