{"image": "793c885a-e98b-11ef-bc13-4cd717a70326.jpg", "bboxes": [0.22260264078776038, 0.37975973341200087, 0.6009809790717231, 0.8181981966230605], "class": 1}