{"image": "793c885a-e98b-11ef-bc13-4cd717a70326.jpg", "bboxes": [0.23235235426161024, 0.17291291448805068, 0.6107306925455729, 0.6113513776991102], "class": 1}