{"image": "793c885a-e98b-11ef-bc13-4cd717a70326.jpg", "bboxes": [0.3990190209282769, 0.34198195563422307, 0.7773973592122396, 0.7804204188452827], "class": 1}