{"image": "793c885a-e98b-11ef-bc13-4cd717a70326.jpg", "bboxes": [0.31235235426161023, 0.2151351367102729, 0.690730692545573, 0.6535735999213325], "class": 1}