{"image": "793c885a-e98b-11ef-bc13-4cd717a70326.jpg", "bboxes": [0.3856856875949436, 0.3886486223008898, 0.7640640258789062, 0.8270870855119493], "class": 1}