{"image": "793c885a-e98b-11ef-bc13-4cd717a70326.jpg", "bboxes": [0.32926930745442706, 0.36642640007866756, 0.7076476457383898, 0.8048648632897271], "class": 1}