{"image": "793c885a-e98b-11ef-bc13-4cd717a70326.jpg", "bboxes": [0.16568568759494356, 0.35975973341200085, 0.5440640258789062, 0.7981981966230605], "class": 1}