{"image": "793c885a-e98b-11ef-bc13-4cd717a70326.jpg", "bboxes": [0.12704708523220487, 0.17735735893249513, 0.5054254235161675, 0.6157958221435547], "class": 1}