{"image": "793c885a-e98b-11ef-bc13-4cd717a70326.jpg", "bboxes": [0.12704708523220487, 0.20180180337693956, 0.5054254235161675, 0.6402402665879992], "class": 1}