{"image": "793c885a-e98b-11ef-bc13-4cd717a70326.jpg", "bboxes": [0.09901902092827691, 0.21291291448805066, 0.4773973592122396, 0.6513513776991102], "class": 1}