{"image": "793c885a-e98b-11ef-bc13-4cd717a70326.jpg", "bboxes": [0.22704708523220485, 0.20846847004360622, 0.6054254235161676, 0.6469069332546658], "class": 1}