{"image": "793c885a-e98b-11ef-bc13-4cd717a70326.jpg", "bboxes": [0.18568568759494358, 0.3864264000786676, 0.5640640258789062, 0.8248648632897271], "class": 1}