{"image": "793c885a-e98b-11ef-bc13-4cd717a70326.jpg", "bboxes": [0.20568568759494357, 0.37309306674533416, 0.5840640258789063, 0.8115315299563938], "class": 1}