{"image": "793c885a-e98b-11ef-bc13-4cd717a70326.jpg", "bboxes": [0.46038041856553824, 0.206246247821384, 0.8387587568495009, 0.6446847110324436], "class": 1}