{"image": "793c885a-e98b-11ef-bc13-4cd717a70326.jpg", "bboxes": [0.3945745764838325, 0.21069069226582846, 0.7729529147677952, 0.649129155476888], "class": 1}