{"image": "793c885a-e98b-11ef-bc13-4cd717a70326.jpg", "bboxes": [0.35013013203938803, 0.35975973341200085, 0.7285084703233506, 0.7981981966230605], "class": 1}