{"image": "793c885a-e98b-11ef-bc13-4cd717a70326.jpg", "bboxes": [0.3870470852322049, 0.40198195563422306, 0.7654254235161675, 0.8404204188452826], "class": 1}