{"image": "793c885a-e98b-11ef-bc13-4cd717a70326.jpg", "bboxes": [0.15593597412109372, 0.16180180337693956, 0.5343143124050564, 0.6002402665879991], "class": 1}