{"image": "793c885a-e98b-11ef-bc13-4cd717a70326.jpg", "bboxes": [0.3590190209282769, 0.39087084452311194, 0.7373973592122396, 0.8293093077341716], "class": 1}