{"image": "793c885a-e98b-11ef-bc13-4cd717a70326.jpg", "bboxes": [0.5114915296766493, 0.186246247821384, 0.889869867960612, 0.6246847110324436], "class": 1}