{"image": "793c885a-e98b-11ef-bc13-4cd717a70326.jpg", "bboxes": [0.18260264078776045, 0.3642041778564453, 0.5609809790717231, 0.8026426410675049], "class": 1}