{"image": "79d745c5-e98b-11ef-bdd8-4cd717a70326.jpg", "bboxes": [0.0, 0.39047044965955946, 0.03891890631781684, 0.8529329384697808], "class": 1}