{"image": "79d745c5-e98b-11ef-bdd8-4cd717a70326.jpg", "bboxes": [0.9877477603488498, 0.3815815607706706, 1.0, 0.844044049580892], "class": 1}