{"image": "79d745c5-e98b-11ef-bdd8-4cd717a70326.jpg", "bboxes": [0.0, 0.40380378299289277, 0.08780779520670573, 0.8662662718031143], "class": 1}