{"image": "79d745c5-e98b-11ef-bdd8-4cd717a70326.jpg", "bboxes": [0.0, 0.10484483930799696, 0.0655855729844835, 0.5673073281182183], "class": 1}