{"image": "79d745c5-e98b-11ef-bdd8-4cd717a70326.jpg", "bboxes": [0.6166366492377386, 0.40380378299289277, 1.0, 0.8662662718031143], "class": 1}