{"image": "79d745c5-e98b-11ef-bdd8-4cd717a70326.jpg", "bboxes": [0.0, 0.42158156077067055, 0.10780779520670573, 0.8840440495808919], "class": 1}