{"image": "79d745c5-e98b-11ef-bdd8-4cd717a70326.jpg", "bboxes": [0.0, 0.13373372819688584, 0.26114112854003907, 0.5961962170071072], "class": 1}