{"image": "79d745c5-e98b-11ef-bdd8-4cd717a70326.jpg", "bboxes": [0.7433033159044053, 0.43491489410400386, 1.0, 0.8973773829142253], "class": 1}