{"image": "79d745c5-e98b-11ef-bdd8-4cd717a70326.jpg", "bboxes": [0.0, 0.43269267188178173, 0.10336335076226129, 0.8951551606920031], "class": 1}