{"image": "79d745c5-e98b-11ef-bdd8-4cd717a70326.jpg", "bboxes": [0.0, 0.42824822743733726, 0.23003001742892795, 0.8907107162475586], "class": 1}