{"image": "79d745c5-e98b-11ef-bdd8-4cd717a70326.jpg", "bboxes": [0.0, 0.10706706153021918, 0.12336335076226128, 0.5695295503404405], "class": 1}