{"image": "79d745c5-e98b-11ef-bdd8-4cd717a70326.jpg", "bboxes": [0.0, 0.43935933854844833, 0.2989189063178168, 0.9018218273586697], "class": 1}