{"image": "79d745c5-e98b-11ef-bdd8-4cd717a70326.jpg", "bboxes": [0.012312311596340603, 0.42824822743733726, 0.3966966840955946, 0.8907107162475586], "class": 1}