{"image": "79d745c5-e98b-11ef-bdd8-4cd717a70326.jpg", "bboxes": [0.0, 0.43713711632622604, 0.1766966840955946, 0.8995996051364474], "class": 1}