{"image": "79d745c5-e98b-11ef-bdd8-4cd717a70326.jpg", "bboxes": [0.7633033159044054, 0.11595595041910807, 1.0, 0.5784184392293295], "class": 1}