{"image": "79d745c5-e98b-11ef-bdd8-4cd717a70326.jpg", "bboxes": [0.0, 0.15373372819688585, 0.0655855729844835, 0.6161962170071072], "class": 1}