{"image": "79d745c5-e98b-11ef-bdd8-4cd717a70326.jpg", "bboxes": [0.7966366492377387, 0.11373372819688585, 1.0, 0.5761962170071072], "class": 1}