{"image": "79d745c5-e98b-11ef-bdd8-4cd717a70326.jpg", "bboxes": [0.0, 0.4171371163262261, 0.290030017428928, 0.8795996051364475], "class": 1}