{"image": "79d745c5-e98b-11ef-bdd8-4cd717a70326.jpg", "bboxes": [0.0, 0.10040039486355251, 0.3544744618733724, 0.5628628836737739], "class": 1}