{"image": "79d745c5-e98b-11ef-bdd8-4cd717a70326.jpg", "bboxes": [0.0012012004852294921, 0.3882482274373372, 0.3855855729844835, 0.8507107162475586], "class": 1}