{"image": "79d745c5-e98b-11ef-bdd8-4cd717a70326.jpg", "bboxes": [0.0, 0.11817817264133029, 0.2855855729844835, 0.5806406614515517], "class": 1}