{"image": "7b0cb18a-e98b-11ef-8bb4-4cd717a70326.jpg", "bboxes": [0.9177377404106988, 0.41005004670884876, 1.0, 0.9065465333726671], "class": 1}