{"image": "7b0cb18a-e98b-11ef-8bb4-4cd717a70326.jpg", "bboxes": [0.6355155181884765, 0.47005004670884876, 1.0, 0.966546533372667], "class": 1}