{"image": "7b0cb18a-e98b-11ef-8bb4-4cd717a70326.jpg", "bboxes": [0.0, 0.07567568884955511, 0.05337337070041233, 0.5721721755133735], "class": 1}