{"image": "7b0cb18a-e98b-11ef-8bb4-4cd717a70326.jpg", "bboxes": [0.5999599626329211, 0.4456056022644043, 1.0, 0.9421020889282227], "class": 1}