{"image": "7b0cb18a-e98b-11ef-8bb4-4cd717a70326.jpg", "bboxes": [0.0, 0.049009022182888495, 0.38892892625596787, 0.5455055088467068], "class": 1}