{"image": "7b0cb18a-e98b-11ef-8bb4-4cd717a70326.jpg", "bboxes": [0.0, 0.452272268931071, 0.028928926255967883, 0.9487687555948893], "class": 1}