{"image": "7b0cb18a-e98b-11ef-8bb4-4cd717a70326.jpg", "bboxes": [0.979959962632921, 0.4056056022644043, 1.0, 0.9021020889282226], "class": 1}