{"image": "7b0cb18a-e98b-11ef-8bb4-4cd717a70326.jpg", "bboxes": [0.8132932959662543, 0.04678679996066626, 1.0, 0.5432832866244846], "class": 1}