{"image": "7b0cb18a-e98b-11ef-8bb4-4cd717a70326.jpg", "bboxes": [0.0, 0.08234235551622182, 0.39337337070041234, 0.5788388421800401], "class": 1}