{"image": "7b0cb18a-e98b-11ef-8bb4-4cd717a70326.jpg", "bboxes": [0.0, 0.46116115781995987, 0.18670670403374565, 0.9576576444837782], "class": 1}