{"image": "7b0cb18a-e98b-11ef-8bb4-4cd717a70326.jpg", "bboxes": [0.0, 0.46338338004218205, 0.14670670403374567, 0.9598798667060005], "class": 1}