{"image": "7b0cb18a-e98b-11ef-8bb4-4cd717a70326.jpg", "bboxes": [0.8421821848551432, 0.062342355516221803, 1.0, 0.5588388421800401], "class": 1}