{"image": "7b0cb18a-e98b-11ef-8bb4-4cd717a70326.jpg", "bboxes": [0.679959962632921, 0.47227226893107094, 1.0, 0.9687687555948893], "class": 1}