{"image": "7b0cb18a-e98b-11ef-8bb4-4cd717a70326.jpg", "bboxes": [0.0, 0.42116115781995983, 0.05337337070041233, 0.9176576444837782], "class": 1}