{"image": "7b0cb18a-e98b-11ef-8bb4-4cd717a70326.jpg", "bboxes": [0.5932932959662544, 0.08012013329399958, 1.0, 0.5766166199578179], "class": 1}