{"image": "7ce12851-e98b-11ef-ac34-4cd717a70326.jpg", "bboxes": [0.26436436971028643, 0.37995996263292103, 0.6687687344021267, 0.8664464452531603], "class": 1}