{"image": "7ce12851-e98b-11ef-ac34-4cd717a70326.jpg", "bboxes": [0.12214214748806429, 0.17577577696906196, 0.5265465121799044, 0.6622622595893012], "class": 1}