{"image": "7ce12851-e98b-11ef-ac34-4cd717a70326.jpg", "bboxes": [0.4156757100423177, 0.3310710737440321, 0.820080074734158, 0.8175575563642714], "class": 1}