{"image": "7ce12851-e98b-11ef-ac34-4cd717a70326.jpg", "bboxes": [0.5356757100423177, 0.19577577696906195, 0.940080074734158, 0.6822622595893012], "class": 1}