{"image": "7ce12851-e98b-11ef-ac34-4cd717a70326.jpg", "bboxes": [0.199919925265842, 0.13577577696906196, 0.6043242899576823, 0.6222622595893013], "class": 1}