{"image": "7ce12851-e98b-11ef-ac34-4cd717a70326.jpg", "bboxes": [0.0, 0.32884885152180987, 0.3087687344021267, 0.8153353341420492], "class": 1}