{"image": "7ce12851-e98b-11ef-ac34-4cd717a70326.jpg", "bboxes": [0.19547548082139754, 0.33329329596625434, 0.5998798455132379, 0.8197797785864936], "class": 1}