{"image": "7ce12851-e98b-11ef-ac34-4cd717a70326.jpg", "bboxes": [0.45123126559787324, 0.3355155181884766, 0.8556356302897136, 0.8220020008087158], "class": 1}