{"image": "7ce12851-e98b-11ef-ac34-4cd717a70326.jpg", "bboxes": [0.6023423767089844, 0.3355155181884766, 1.0, 0.8220020008087158], "class": 1}