{"image": "7ce12851-e98b-11ef-ac34-4cd717a70326.jpg", "bboxes": [0.3023423767089844, 0.319959962632921, 0.7067467414008246, 0.8064464452531602], "class": 1}