{"image": "7ce12851-e98b-11ef-ac34-4cd717a70326.jpg", "bboxes": [0.2688088141547309, 0.17133133252461752, 0.6732131788465712, 0.6578178151448568], "class": 1}