{"image": "7ce12851-e98b-11ef-ac34-4cd717a70326.jpg", "bboxes": [0.21325325859917532, 0.1491091103023953, 0.6176576232910156, 0.6355955929226346], "class": 1}