{"image": "7ce12851-e98b-11ef-ac34-4cd717a70326.jpg", "bboxes": [0.1732532585991754, 0.1379979991912842, 0.5776576232910156, 0.6244844818115234], "class": 1}