{"image": "7ce12851-e98b-11ef-ac34-4cd717a70326.jpg", "bboxes": [0.3023423767089844, 0.34662662929958765, 0.7067467414008246, 0.833113111919827], "class": 1}