{"image": "7ce12851-e98b-11ef-ac34-4cd717a70326.jpg", "bboxes": [0.6201201544867622, 0.1313313325246175, 1.0, 0.6178178151448568], "class": 1}