{"image": "7ce12851-e98b-11ef-ac34-4cd717a70326.jpg", "bboxes": [0.37345348782009546, 0.33995996263292105, 0.7778578525119357, 0.8264464452531602], "class": 1}