{"image": "7ce12851-e98b-11ef-ac34-4cd717a70326.jpg", "bboxes": [0.013253258599175368, 0.36662662929958767, 0.41765762329101563, 0.853113111919827], "class": 1}