{"image": "7ce12851-e98b-11ef-ac34-4cd717a70326.jpg", "bboxes": [0.42012015448676215, 0.31551551818847656, 0.8245245191786025, 0.8020020008087159], "class": 1}