{"image": "7ce12851-e98b-11ef-ac34-4cd717a70326.jpg", "bboxes": [0.1976977030436198, 0.1913313325246175, 0.60210206773546, 0.6778178151448567], "class": 1}