{"image": "7d7bc810-e98b-11ef-abc6-4cd717a70326.jpg", "bboxes": [0.0, 0.299039060804579, 0.3857056850857204, 0.8716116099887424], "class": 1}