{"image": "7d7bc810-e98b-11ef-abc6-4cd717a70326.jpg", "bboxes": [0.5809609815809462, 0.10616616778903537, 1.0, 0.6787387169731988], "class": 1}