{"image": "7d7bc810-e98b-11ef-abc6-4cd717a70326.jpg", "bboxes": [0.0, 0.1394995011223687, 0.34126124064127605, 0.7120720503065321], "class": 1}