{"image": "7d7bc810-e98b-11ef-abc6-4cd717a70326.jpg", "bboxes": [0.24654651217990456, 0.3457057274712456, 0.7390390184190538, 0.9182782766554091], "class": 1}