{"image": "7d7bc810-e98b-11ef-abc6-4cd717a70326.jpg", "bboxes": [0.23765762329101559, 0.32126128302680124, 0.7301501295301649, 0.8938338322109646], "class": 1}