{"image": "7d7bc810-e98b-11ef-abc6-4cd717a70326.jpg", "bboxes": [0.0, 0.07949950112236871, 0.39903901841905387, 0.6520720503065321], "class": 1}