{"image": "7d7bc810-e98b-11ef-abc6-4cd717a70326.jpg", "bboxes": [0.1621020677354601, 0.33459461636013454, 0.6545945739746093, 0.907167165544298], "class": 1}