{"image": "7d7bc810-e98b-11ef-abc6-4cd717a70326.jpg", "bboxes": [0.6498498704698351, 0.3323723941379123, 1.0, 0.9049449433220758], "class": 1}