{"image": "7d7bc810-e98b-11ef-abc6-4cd717a70326.jpg", "bboxes": [0.1376576232910156, 0.13283283445570204, 0.6301501295301649, 0.7054053836398655], "class": 1}