{"image": "7d7bc810-e98b-11ef-abc6-4cd717a70326.jpg", "bboxes": [0.0, 0.13505505667792425, 0.45459457397460934, 0.7076276058620877], "class": 1}