{"image": "7d7bc810-e98b-11ef-abc6-4cd717a70326.jpg", "bboxes": [0.24654651217990456, 0.3501501719156901, 0.7390390184190538, 0.9227227210998535], "class": 1}