{"image": "7d7bc810-e98b-11ef-abc6-4cd717a70326.jpg", "bboxes": [0.0, 0.34126128302680125, 0.3768167961968316, 0.9138338322109646], "class": 1}