{"image": "7d7bc810-e98b-11ef-abc6-4cd717a70326.jpg", "bboxes": [0.0, 0.1306106122334798, 0.39681679619683163, 0.7031831614176433], "class": 1}