{"image": "7d7bc810-e98b-11ef-abc6-4cd717a70326.jpg", "bboxes": [0.0, 0.2857057274712457, 0.3523723517523871, 0.8582782766554091], "class": 1}