{"image": "7d7bc810-e98b-11ef-abc6-4cd717a70326.jpg", "bboxes": [0.6542943149142795, 0.0994995011223687, 1.0, 0.6720720503065322], "class": 1}