{"image": "7d7bc810-e98b-11ef-abc6-4cd717a70326.jpg", "bboxes": [0.31207209269205727, 0.3012612830268012, 0.8045645989312066, 0.8738338322109647], "class": 1}