{"image": "7d7bc810-e98b-11ef-abc6-4cd717a70326.jpg", "bboxes": [0.130990956624349, 0.1283883900112576, 0.6234834628634983, 0.700960939195421], "class": 1}