{"image": "7d7bc810-e98b-11ef-abc6-4cd717a70326.jpg", "bboxes": [0.5831832038031683, 0.34126128302680125, 1.0, 0.9138338322109646], "class": 1}