{"image": "7d7bc810-e98b-11ef-abc6-4cd717a70326.jpg", "bboxes": [0.06210206773546012, 0.11061061223347982, 0.5545945739746094, 0.6831831614176432], "class": 1}