{"image": "7d7bc810-e98b-11ef-abc6-4cd717a70326.jpg", "bboxes": [0.0, 0.3434835052490235, 0.4479279073079428, 0.9160560544331868], "class": 1}