{"image": "7d7bc810-e98b-11ef-abc6-4cd717a70326.jpg", "bboxes": [0.16654651217990446, 0.12172172334459093, 0.6590390184190538, 0.6942942725287543], "class": 1}