{"image": "7d7bc810-e98b-11ef-abc6-4cd717a70326.jpg", "bboxes": [0.438738759358724, 0.3257057274712457, 0.9312312655978733, 0.898278276655409], "class": 1}