{"image": "7d7bc810-e98b-11ef-abc6-4cd717a70326.jpg", "bboxes": [0.0, 0.2923723941379123, 0.35459457397460936, 0.8649449433220757], "class": 1}