{"image": "7d7bc810-e98b-11ef-abc6-4cd717a70326.jpg", "bboxes": [0.37651653713650174, 0.13283283445570204, 0.869009043375651, 0.7054053836398655], "class": 1}