{"image": "7d7bc810-e98b-11ef-abc6-4cd717a70326.jpg", "bboxes": [0.33651653713650176, 0.3479279496934679, 0.8290090433756511, 0.9205004988776313], "class": 1}