{"image": "7d7bc810-e98b-11ef-abc6-4cd717a70326.jpg", "bboxes": [0.42318320380316843, 0.339039060804579, 0.9156757100423177, 0.9116116099887424], "class": 1}