{"image": "7d7bc810-e98b-11ef-abc6-4cd717a70326.jpg", "bboxes": [0.10876873440212675, 0.3368168385823568, 0.6012612406412761, 0.9093893877665202], "class": 1}