{"image": "7feac0a8-e98b-11ef-9b90-4cd717a70326.jpg", "bboxes": [0.34534534878200956, 0.2311711671617296, 0.9079078674316406, 0.8337737761603461], "class": 1}