{"image": "7feac0a8-e98b-11ef-9b90-4cd717a70326.jpg", "bboxes": [0.18534534878200956, 0.2445045004950629, 0.7479078674316406, 0.8471071094936795], "class": 1}