{"image": "7feac0a8-e98b-11ef-9b90-4cd717a70326.jpg", "bboxes": [0.3520120154486762, 0.2200600560506185, 0.9145745340983072, 0.822662665049235], "class": 1}