{"image": "7feac0a8-e98b-11ef-9b90-4cd717a70326.jpg", "bboxes": [0.3165365770128038, 0.16622622383965385, 0.8790990956624349, 0.7688288328382704], "class": 1}