{"image": "7feac0a8-e98b-11ef-9b90-4cd717a70326.jpg", "bboxes": [0.4454254659016928, 0.2133933893839518, 1.0, 0.8159959983825683], "class": 1}