{"image": "7feac0a8-e98b-11ef-9b90-4cd717a70326.jpg", "bboxes": [0.1609009043375651, 0.19289289050632052, 0.7234634229871961, 0.795495499504937], "class": 1}