{"image": "7feac0a8-e98b-11ef-9b90-4cd717a70326.jpg", "bboxes": [0.4543143547905816, 0.20450450049506297, 1.0, 0.8071071094936795], "class": 1}