{"image": "7feac0a8-e98b-11ef-9b90-4cd717a70326.jpg", "bboxes": [0.22542546590169266, 0.23339338938395182, 0.7879879845513238, 0.8359959983825683], "class": 1}