{"image": "7feac0a8-e98b-11ef-9b90-4cd717a70326.jpg", "bboxes": [0.07431435479058157, 0.2267267227172851, 0.6368768734402126, 0.8293293317159017], "class": 1}