{"image": "7feac0a8-e98b-11ef-9b90-4cd717a70326.jpg", "bboxes": [0.20312312655978731, 0.20400400161743165, 0.7656856452094184, 0.8066066106160482], "class": 1}