{"image": "7feac0a8-e98b-11ef-9b90-4cd717a70326.jpg", "bboxes": [0.33867868211534286, 0.22894894493950735, 0.9012412007649739, 0.831551553938124], "class": 1}