{"image": "7feac0a8-e98b-11ef-9b90-4cd717a70326.jpg", "bboxes": [0.12986991034613715, 0.17733733495076498, 0.6924324289957682, 0.7799399439493815], "class": 1}