{"image": "7feac0a8-e98b-11ef-9b90-4cd717a70326.jpg", "bboxes": [0.2720921325683594, 0.1395595571729872, 0.8346546512179904, 0.7421621661716037], "class": 1}