{"image": "7feac0a8-e98b-11ef-9b90-4cd717a70326.jpg", "bboxes": [0.31201201544867624, 0.1995595571729872, 0.8745745340983073, 0.8021621661716037], "class": 1}