{"image": "7feac0a8-e98b-11ef-9b90-4cd717a70326.jpg", "bboxes": [0.4098699103461372, 0.1395595571729872, 0.9724324289957682, 0.7421621661716037], "class": 1}