{"image": "7feac0a8-e98b-11ef-9b90-4cd717a70326.jpg", "bboxes": [0.014234237670898438, 0.26006005605061844, 0.5767967563205295, 0.8626626650492351], "class": 1}