{"image": "7feac0a8-e98b-11ef-9b90-4cd717a70326.jpg", "bboxes": [0.3676476881239149, 0.1506706682840983, 0.930210206773546, 0.7532732772827149], "class": 1}