{"image": "7feac0a8-e98b-11ef-9b90-4cd717a70326.jpg", "bboxes": [0.35423423767089846, 0.21561561160617404, 0.9167967563205295, 0.8182182206047905], "class": 1}