{"image": "7feac0a8-e98b-11ef-9b90-4cd717a70326.jpg", "bboxes": [0.0, 0.19733733495076497, 0.5590189785427517, 0.7999399439493815], "class": 1}