{"image": "7feac0a8-e98b-11ef-9b90-4cd717a70326.jpg", "bboxes": [0.09201201544867621, 0.19561561160617402, 0.6545745340983072, 0.7982182206047905], "class": 1}