{"image": "7feac0a8-e98b-11ef-9b90-4cd717a70326.jpg", "bboxes": [0.35653657701280383, 0.22228227827284075, 0.9190990956624349, 0.8248848872714573], "class": 1}