{"image": "7feac0a8-e98b-11ef-9b90-4cd717a70326.jpg", "bboxes": [0.2098699103461371, 0.2200600560506185, 0.7724324289957682, 0.822662665049235], "class": 1}