{"image": "7feac0a8-e98b-11ef-9b90-4cd717a70326.jpg", "bboxes": [0.1520921325683594, 0.2378378338283963, 0.7146546512179904, 0.8404404428270128], "class": 1}