{"image": "7feac0a8-e98b-11ef-9b90-4cd717a70326.jpg", "bboxes": [0.358758799235026, 0.21561561160617404, 0.9213213178846571, 0.8182182206047905], "class": 1}