{"image": "7feac0a8-e98b-11ef-9b90-4cd717a70326.jpg", "bboxes": [0.3609009043375651, 0.19511511272854276, 0.9234634229871962, 0.7977177217271593], "class": 1}