{"image": "7feac0a8-e98b-11ef-9b90-4cd717a70326.jpg", "bboxes": [0.08978979322645399, 0.24006005605061853, 0.6523523118760851, 0.842662665049235], "class": 1}