{"image": "838ff949-e98b-11ef-832c-4cd717a70326.jpg", "bboxes": [0.08766764322916665, 0.2952552329169379, 0.6442242177327474, 0.9479079098171658], "class": 1}