{"image": "838ff949-e98b-11ef-832c-4cd717a70326.jpg", "bboxes": [0.27877875434027777, 0.0320920901828342, 0.8353353288438585, 0.6847447670830621], "class": 1}