{"image": "838ff949-e98b-11ef-832c-4cd717a70326.jpg", "bboxes": [0.14244244893391927, 0.0120920901828342, 0.6989990234375, 0.6647447670830621], "class": 1}