{"image": "838ff949-e98b-11ef-832c-4cd717a70326.jpg", "bboxes": [0.055775782267252605, 0.33747745513916017, 0.6123323567708333, 0.990130132039388], "class": 1}