{"image": "838ff949-e98b-11ef-832c-4cd717a70326.jpg", "bboxes": [0.1854454210069445, 0.3396996773613824, 0.7420019955105251, 0.9923523542616103], "class": 1}