{"image": "838ff949-e98b-11ef-832c-4cd717a70326.jpg", "bboxes": [0.10100097656249996, 0.27969967736138235, 0.6575575510660807, 0.9323523542616102], "class": 1}