{"image": "838ff949-e98b-11ef-832c-4cd717a70326.jpg", "bboxes": [0.3876676432291667, 0.03653653462727865, 0.9442242177327475, 0.6891892115275066], "class": 1}