{"image": "838ff949-e98b-11ef-832c-4cd717a70326.jpg", "bboxes": [0.15211208767361103, 0.3219218995836046, 0.7086686621771918, 0.9745745764838325], "class": 1}