{"image": "838ff949-e98b-11ef-832c-4cd717a70326.jpg", "bboxes": [0.017998004489474827, 0.02098097907172309, 0.5745545789930555, 0.6736336559719509], "class": 1}