{"image": "838ff949-e98b-11ef-832c-4cd717a70326.jpg", "bboxes": [0.4210009765625, 0.04542542351616753, 0.9775575510660808, 0.6980781004163954], "class": 1}