{"image": "838ff949-e98b-11ef-832c-4cd717a70326.jpg", "bboxes": [0.1646646711561415, 0.2774774551391601, 0.7212212456597222, 0.930130132039388], "class": 1}