{"image": "838ff949-e98b-11ef-832c-4cd717a70326.jpg", "bboxes": [0.3121120876736111, 0.2841441218058268, 0.8686686621771919, 0.9367967987060547], "class": 1}