{"image": "838ff949-e98b-11ef-832c-4cd717a70326.jpg", "bboxes": [0.3298898654513889, 0.28636634402804906, 0.8864464399549696, 0.9390190209282769], "class": 1}