{"image": "838ff949-e98b-11ef-832c-4cd717a70326.jpg", "bboxes": [0.08244244893391928, 0.2774774551391601, 0.6389990234375, 0.930130132039388], "class": 1}