{"image": "838ff949-e98b-11ef-832c-4cd717a70326.jpg", "bboxes": [0.2543343098958334, 0.29747745513916013, 0.810890884399414, 0.950130132039388], "class": 1}