{"image": "838ff949-e98b-11ef-832c-4cd717a70326.jpg", "bboxes": [0.20466467115614148, 0.0054254235161675345, 0.7612212456597223, 0.6580781004163954], "class": 1}