{"image": "838ff949-e98b-11ef-832c-4cd717a70326.jpg", "bboxes": [0.2691091156005859, 0.29303301069471566, 0.8256656901041667, 0.9456856875949435], "class": 1}