{"image": "838ff949-e98b-11ef-832c-4cd717a70326.jpg", "bboxes": [0.0024424489339192708, 0.3085885662502713, 0.5589990234375, 0.9612412431504991], "class": 1}