{"image": "838ff949-e98b-11ef-832c-4cd717a70326.jpg", "bboxes": [0.4743343098958333, 0.0320920901828342, 1.0, 0.6847447670830621], "class": 1}