{"image": "838ff949-e98b-11ef-832c-4cd717a70326.jpg", "bboxes": [0.0846646711561415, 0.056536534627278645, 0.6412212456597223, 0.7091892115275065], "class": 1}