{"image": "838ff949-e98b-11ef-832c-4cd717a70326.jpg", "bboxes": [0.18766764322916663, 0.3285885662502712, 0.7442242177327474, 0.9812412431504991], "class": 1}