{"image": "838ff949-e98b-11ef-832c-4cd717a70326.jpg", "bboxes": [0.1357757822672526, 0.2885885662502713, 0.6923323567708334, 0.9412412431504992], "class": 1}