{"image": "838ff949-e98b-11ef-832c-4cd717a70326.jpg", "bboxes": [0.3157757822672526, 0.056536534627278645, 0.8723323567708333, 0.7091892115275065], "class": 1}