{"image": "838ff949-e98b-11ef-832c-4cd717a70326.jpg", "bboxes": [0.34466467115614147, 0.0320920901828342, 0.9012212456597222, 0.6847447670830621], "class": 1}