{"image": "838ff949-e98b-11ef-832c-4cd717a70326.jpg", "bboxes": [0.4387787543402778, 0.3285885662502712, 0.9953353288438586, 0.9812412431504991], "class": 1}