{"image": "838ff949-e98b-11ef-832c-4cd717a70326.jpg", "bboxes": [0.29655653211805555, 0.3241441218058269, 0.8531131066216363, 0.9767967987060547], "class": 1}