{"image": "842c1996-e98b-11ef-9c45-4cd717a70326.jpg", "bboxes": [0.0, 0.06124124050140381, 0.15593593173556858, 0.6438238016764323], "class": 1}