{"image": "842c1996-e98b-11ef-9c45-4cd717a70326.jpg", "bboxes": [0.5818418460422092, 0.08568568494584826, 1.0, 0.6682682461208768], "class": 1}