{"image": "842c1996-e98b-11ef-9c45-4cd717a70326.jpg", "bboxes": [0.5085085127088759, 0.05457457383473714, 1.0, 0.6371571350097657], "class": 1}