{"image": "842c1996-e98b-11ef-9c45-4cd717a70326.jpg", "bboxes": [0.0, 0.05901901827918159, 0.1381581539577908, 0.64160157945421], "class": 1}