{"image": "842c1996-e98b-11ef-9c45-4cd717a70326.jpg", "bboxes": [0.5062862904866536, 0.32062064276801217, 1.0, 0.9032032039430407], "class": 1}