{"image": "842c1996-e98b-11ef-9c45-4cd717a70326.jpg", "bboxes": [0.0, 0.10346346272362603, 0.1470470428466797, 0.6860460238986545], "class": 1}