{"image": "842c1996-e98b-11ef-9c45-4cd717a70326.jpg", "bboxes": [0.0, 0.07235235161251492, 0.12038037618001302, 0.6549349127875435], "class": 1}