{"image": "842c1996-e98b-11ef-9c45-4cd717a70326.jpg", "bboxes": [0.0, 0.3472873094346788, 0.17593593173556857, 0.9298698706097073], "class": 1}