{"image": "842c1996-e98b-11ef-9c45-4cd717a70326.jpg", "bboxes": [0.0, 0.3139539761013455, 0.3426025984022352, 0.896536537276374], "class": 1}