{"image": "842c1996-e98b-11ef-9c45-4cd717a70326.jpg", "bboxes": [0.5107307349310981, 0.35839842054579, 1.0, 0.9409809817208185], "class": 1}