{"image": "842c1996-e98b-11ef-9c45-4cd717a70326.jpg", "bboxes": [0.0, 0.3361761983235677, 0.26260259840223527, 0.9187587594985962], "class": 1}