{"image": "842c1996-e98b-11ef-9c45-4cd717a70326.jpg", "bboxes": [0.4773974015977648, 0.10790790716807047, 0.9959159157011244, 0.6904904683430989], "class": 1}