{"image": "842c1996-e98b-11ef-9c45-4cd717a70326.jpg", "bboxes": [0.7173974015977648, 0.3161761983235677, 1.0, 0.8987587594985962], "class": 1}