{"image": "842c1996-e98b-11ef-9c45-4cd717a70326.jpg", "bboxes": [0.5285085127088759, 0.09901901827918158, 1.0, 0.6816015794542101], "class": 1}