{"image": "842c1996-e98b-11ef-9c45-4cd717a70326.jpg", "bboxes": [0.0, 0.09457457383473714, 0.4759359317355686, 0.6771571350097656], "class": 1}