{"image": "842c1996-e98b-11ef-9c45-4cd717a70326.jpg", "bboxes": [0.6285085127088759, 0.32506508721245664, 1.0, 0.9076476483874851], "class": 1}