{"image": "842c1996-e98b-11ef-9c45-4cd717a70326.jpg", "bboxes": [0.8485085127088758, 0.08790790716807048, 1.0, 0.670490468343099], "class": 1}