{"image": "842c1996-e98b-11ef-9c45-4cd717a70326.jpg", "bboxes": [0.47073073493109807, 0.04568568494584825, 0.9892492490344578, 0.6282682461208767], "class": 1}