{"image": "842c1996-e98b-11ef-9c45-4cd717a70326.jpg", "bboxes": [0.8418418460422092, 0.1012412405014038, 1.0, 0.6838238016764323], "class": 1}