{"image": "84c78dcc-e98b-11ef-84e2-4cd717a70326.jpg", "bboxes": [0.2966766866048177, 0.031631631321377224, 0.8452252366807725, 0.6562562730577257], "class": 1}