{"image": "84c78dcc-e98b-11ef-84e2-4cd717a70326.jpg", "bboxes": [0.150330318874783, 0.05385385354359944, 0.6988788689507378, 0.678478495279948], "class": 1}