{"image": "84c78dcc-e98b-11ef-84e2-4cd717a70326.jpg", "bboxes": [0.3214414299858941, 0.370410393608941, 0.8699899800618489, 0.9950350353452895], "class": 1}