{"image": "84c78dcc-e98b-11ef-84e2-4cd717a70326.jpg", "bboxes": [0.08588587443033854, 0.04496496465471056, 0.6344344245062934, 0.669589606391059], "class": 1}