{"image": "84c78dcc-e98b-11ef-84e2-4cd717a70326.jpg", "bboxes": [0.27477476331922746, 0.3815215047200521, 0.8233233133951823, 1.0], "class": 1}