{"image": "84c78dcc-e98b-11ef-84e2-4cd717a70326.jpg", "bboxes": [0.12778779771592885, 0.04274274243248834, 0.6763363477918837, 0.6673673841688368], "class": 1}