{"image": "84c78dcc-e98b-11ef-84e2-4cd717a70326.jpg", "bboxes": [0.0, 0.04718718687693278, 0.5430030144585504, 0.6718118286132813], "class": 1}