{"image": "84c78dcc-e98b-11ef-84e2-4cd717a70326.jpg", "bboxes": [0.3125525410970052, 0.35263261583116323, 0.8611010911729601, 0.9772572575675117], "class": 1}