{"image": "84c78dcc-e98b-11ef-84e2-4cd717a70326.jpg", "bboxes": [0.29699698554144965, 0.022742742432488337, 0.8455455356174045, 0.6473673841688368], "class": 1}