{"image": "84c78dcc-e98b-11ef-84e2-4cd717a70326.jpg", "bboxes": [0.33667668660481775, 0.3770770602756076, 0.8852252366807726, 1.0], "class": 1}