{"image": "84c78dcc-e98b-11ef-84e2-4cd717a70326.jpg", "bboxes": [0.08778779771592882, 0.0, 0.6363363477918839, 0.6207007175021702], "class": 1}