{"image": "84c78dcc-e98b-11ef-84e2-4cd717a70326.jpg", "bboxes": [0.22144142998589408, 0.3837437269422743, 0.7699899800618489, 1.0], "class": 1}