{"image": "84c78dcc-e98b-11ef-84e2-4cd717a70326.jpg", "bboxes": [0.2947747633192274, 0.013853853543599446, 0.8433233133951823, 0.6384784952799479], "class": 1}