{"image": "84c78dcc-e98b-11ef-84e2-4cd717a70326.jpg", "bboxes": [0.38778779771592886, 0.011631631321377225, 0.9363363477918837, 0.6362562730577257], "class": 1}