{"image": "84c78dcc-e98b-11ef-84e2-4cd717a70326.jpg", "bboxes": [0.010010019938151093, 0.04496496465471056, 0.5585585700141059, 0.669589606391059], "class": 1}