{"image": "84c78dcc-e98b-11ef-84e2-4cd717a70326.jpg", "bboxes": [0.43477476331922743, 0.03829829798804389, 0.9833233133951823, 0.6629229397243923], "class": 1}