{"image": "84c78dcc-e98b-11ef-84e2-4cd717a70326.jpg", "bboxes": [0.4658858744303385, 0.34818817138671876, 1.0, 0.9728128131230672], "class": 1}