{"image": "84c78dcc-e98b-11ef-84e2-4cd717a70326.jpg", "bboxes": [0.0611211310492622, 0.02496496465471056, 0.609669681125217, 0.649589606391059], "class": 1}