{"image": "8564026f-e98b-11ef-9917-4cd717a70326.jpg", "bboxes": [0.13543544345431857, 0.2636636628044976, 0.6239239162868924, 0.834234258863661], "class": 1}