{"image": "8564026f-e98b-11ef-9917-4cd717a70326.jpg", "bboxes": [0.18940941704644096, 0.18132129669189456, 0.6778978898790148, 0.7518918927510579], "class": 1}