{"image": "8564026f-e98b-11ef-9917-4cd717a70326.jpg", "bboxes": [0.2582983059353299, 0.16132129669189454, 0.7467867787679037, 0.7318918927510579], "class": 1}