{"image": "8564026f-e98b-11ef-9917-4cd717a70326.jpg", "bboxes": [0.40274275037977425, 0.15465463002522783, 0.891231223212348, 0.7252252260843913], "class": 1}