{"image": "8564026f-e98b-11ef-9917-4cd717a70326.jpg", "bboxes": [0.10210211012098525, 0.2747747739156087, 0.590590582953559, 0.8453453699747722], "class": 1}