{"image": "8564026f-e98b-11ef-9917-4cd717a70326.jpg", "bboxes": [0.18654655456542968, 0.12798796335856122, 0.6750350273980035, 0.6985585594177246], "class": 1}