{"image": "8564026f-e98b-11ef-9917-4cd717a70326.jpg", "bboxes": [0.2160760837131076, 0.2814414405822754, 0.7045645565456814, 0.8520120366414388], "class": 1}