{"image": "8564026f-e98b-11ef-9917-4cd717a70326.jpg", "bboxes": [0.26432433234320746, 0.2969969961378309, 0.7528128051757812, 0.8675675921969943], "class": 1}