{"image": "8564026f-e98b-11ef-9917-4cd717a70326.jpg", "bboxes": [0.12876877678765192, 0.13687685224745005, 0.6172572496202257, 0.7074474483066135], "class": 1}