{"image": "8564026f-e98b-11ef-9917-4cd717a70326.jpg", "bboxes": [0.07829830593532983, 0.2814414405822754, 0.5667867787679036, 0.8520120366414388], "class": 1}