{"image": "8564026f-e98b-11ef-9917-4cd717a70326.jpg", "bboxes": [0.42052052815755203, 0.13021018558078346, 0.9090090009901258, 0.7007807816399468], "class": 1}