{"image": "8564026f-e98b-11ef-9917-4cd717a70326.jpg", "bboxes": [0.23321322123209634, 0.16354351891411678, 0.7217016940646701, 0.7341141149732802], "class": 1}