{"image": "8564026f-e98b-11ef-9917-4cd717a70326.jpg", "bboxes": [0.21385386149088537, 0.14132129669189453, 0.7023423343234592, 0.711891892751058], "class": 1}