{"image": "8564026f-e98b-11ef-9917-4cd717a70326.jpg", "bboxes": [0.13829830593532988, 0.25255255169338653, 0.6267867787679036, 0.8231231477525499], "class": 1}