{"image": "8564026f-e98b-11ef-9917-4cd717a70326.jpg", "bboxes": [0.3443243323432075, 0.17909907446967235, 0.8328128051757813, 0.7496696705288357], "class": 1}