{"image": "8564026f-e98b-11ef-9917-4cd717a70326.jpg", "bboxes": [0.41321322123209636, 0.27033032947116425, 0.9017016940646702, 0.8409009255303277], "class": 1}