{"image": "8564026f-e98b-11ef-9917-4cd717a70326.jpg", "bboxes": [0.33385386149088536, 0.14354351891411676, 0.8223423343234594, 0.7141141149732801], "class": 1}