{"image": "8564026f-e98b-11ef-9917-4cd717a70326.jpg", "bboxes": [0.3849649726019966, 0.2969969961378309, 0.8734534454345703, 0.8675675921969943], "class": 1}