{"image": "8564026f-e98b-11ef-9917-4cd717a70326.jpg", "bboxes": [0.04052052815755214, 0.3058858850267198, 0.5290090009901258, 0.8764564810858833], "class": 1}