{"image": "8564026f-e98b-11ef-9917-4cd717a70326.jpg", "bboxes": [0.3865465545654297, 0.1324324078030057, 0.8750350273980034, 0.7030030038621691], "class": 1}