{"image": "8564026f-e98b-11ef-9917-4cd717a70326.jpg", "bboxes": [0.26274275037977435, 0.14132129669189453, 0.7512312232123481, 0.711891892751058], "class": 1}