{"image": "8564026f-e98b-11ef-9917-4cd717a70326.jpg", "bboxes": [0.2538538614908854, 0.2503303294711643, 0.7423423343234592, 0.8209009255303277], "class": 1}