{"image": "8564026f-e98b-11ef-9917-4cd717a70326.jpg", "bboxes": [0.05163163926866321, 0.2903303294711643, 0.540120112101237, 0.8609009255303277], "class": 1}