{"image": "8564026f-e98b-11ef-9917-4cd717a70326.jpg", "bboxes": [0.1271871948242187, 0.18576574113633892, 0.6156756676567925, 0.7563363371955024], "class": 1}