{"image": "8564026f-e98b-11ef-9917-4cd717a70326.jpg", "bboxes": [0.4754354434543186, 0.18576574113633892, 0.9639239162868923, 0.7563363371955024], "class": 1}