{"image": "8564026f-e98b-11ef-9917-4cd717a70326.jpg", "bboxes": [0.45321322123209634, 0.2414414405822754, 0.9417016940646702, 0.8120120366414388], "class": 1}