{"image": "8564026f-e98b-11ef-9917-4cd717a70326.jpg", "bboxes": [0.15099099900987414, 0.2836636628044976, 0.6394794718424479, 0.854234258863661], "class": 1}