{"image": "8564026f-e98b-11ef-9917-4cd717a70326.jpg", "bboxes": [0.4709909990098741, 0.2747747739156087, 0.9594794718424479, 0.8453453699747722], "class": 1}