{"image": "8564026f-e98b-11ef-9917-4cd717a70326.jpg", "bboxes": [0.20496497260199653, 0.3058858850267198, 0.6934534454345703, 0.8764564810858833], "class": 1}