{"image": "8564026f-e98b-11ef-9917-4cd717a70326.jpg", "bboxes": [0.29607608371310773, 0.2414414405822754, 0.7845645565456812, 0.8120120366414388], "class": 1}