{"image": "8564026f-e98b-11ef-9917-4cd717a70326.jpg", "bboxes": [0.16432433234320745, 0.18576574113633892, 0.6528128051757812, 0.7563363371955024], "class": 1}