{"image": "8564026f-e98b-11ef-9917-4cd717a70326.jpg", "bboxes": [0.1665465545654297, 0.17465463002522785, 0.6550350273980035, 0.7452252260843912], "class": 1}