{"image": "85fe9205-e98b-11ef-b1fa-4cd717a70326.jpg", "bboxes": [0.16154154459635417, 0.21761761241488986, 0.6760560438368055, 0.8502502653333875], "class": 1}