{"image": "85fe9205-e98b-11ef-b1fa-4cd717a70326.jpg", "bboxes": [0.33709710015190975, 0.11641640133327913, 0.8516115993923611, 0.7490490542517768], "class": 1}