{"image": "85fe9205-e98b-11ef-b1fa-4cd717a70326.jpg", "bboxes": [0.2437637668185764, 0.13197195688883467, 0.7582782660590278, 0.7646046098073324], "class": 1}