{"image": "85fe9205-e98b-11ef-b1fa-4cd717a70326.jpg", "bboxes": [0.4950550672743056, 0.11863862355550125, 1.0, 0.751271276473999], "class": 1}