{"image": "85fe9205-e98b-11ef-b1fa-4cd717a70326.jpg", "bboxes": [0.26394395616319444, 0.13641640133327904, 0.7784584554036459, 0.7690490542517768], "class": 1}