{"image": "85fe9205-e98b-11ef-b1fa-4cd717a70326.jpg", "bboxes": [0.3437637668185764, 0.14752751244439022, 0.8582782660590278, 0.7801601653628879], "class": 1}