{"image": "85fe9205-e98b-11ef-b1fa-4cd717a70326.jpg", "bboxes": [0.032652655707465277, 0.16752751244439024, 0.5471671549479167, 0.8001601653628879], "class": 1}