{"image": "85fe9205-e98b-11ef-b1fa-4cd717a70326.jpg", "bboxes": [0.0148748779296875, 0.23761761241488988, 0.5293893771701389, 0.8702502653333876], "class": 1}