{"image": "85fe9205-e98b-11ef-b1fa-4cd717a70326.jpg", "bboxes": [0.11709710015190972, 0.13197195688883467, 0.6316115993923611, 0.7646046098073324], "class": 1}