{"image": "85fe9205-e98b-11ef-b1fa-4cd717a70326.jpg", "bboxes": [0.2459859890407986, 0.13641640133327904, 0.76050048828125, 0.7690490542517768], "class": 1}