{"image": "85fe9205-e98b-11ef-b1fa-4cd717a70326.jpg", "bboxes": [0.10820821126302084, 0.14308306799994575, 0.6227227105034723, 0.7757157209184434], "class": 1}