{"image": "85fe9205-e98b-11ef-b1fa-4cd717a70326.jpg", "bboxes": [0.28154154459635417, 0.1075275124443902, 0.7960560438368055, 0.7401601653628881], "class": 1}