{"image": "85fe9205-e98b-11ef-b1fa-4cd717a70326.jpg", "bboxes": [0.021541544596354167, 0.1586386235555013, 0.5360560438368056, 0.791271276473999], "class": 1}