{"image": "85fe9205-e98b-11ef-b1fa-4cd717a70326.jpg", "bboxes": [0.2728328450520834, 0.16974973466661236, 0.7873473442925347, 0.8023823875851102], "class": 1}