{"image": "85fe9205-e98b-11ef-b1fa-4cd717a70326.jpg", "bboxes": [0.3728328450520833, 0.15641640133327905, 0.8873473442925347, 0.7890490542517768], "class": 1}