{"image": "85fe9205-e98b-11ef-b1fa-4cd717a70326.jpg", "bboxes": [0.1948748779296875, 0.21539539019266765, 0.7093893771701388, 0.8480280431111654], "class": 1}