{"image": "85fe9205-e98b-11ef-b1fa-4cd717a70326.jpg", "bboxes": [0.14616617838541668, 0.16086084577772353, 0.660680677625868, 0.7934934986962212], "class": 1}