{"image": "85fe9205-e98b-11ef-b1fa-4cd717a70326.jpg", "bboxes": [0.44172173394097225, 0.12530529022216796, 0.9562362331814236, 0.7579379431406656], "class": 1}