{"image": "85fe9205-e98b-11ef-b1fa-4cd717a70326.jpg", "bboxes": [0.11709710015190972, 0.19539539019266763, 0.6316115993923611, 0.8280280431111654], "class": 1}