{"image": "85fe9205-e98b-11ef-b1fa-4cd717a70326.jpg", "bboxes": [0.43283284505208336, 0.24872872352600098, 0.9473473442925348, 0.8813613764444987], "class": 1}