{"image": "87ceaf05-e98b-11ef-b769-4cd717a70326.jpg", "bboxes": [0.40772776285807283, 0.07769769774542915, 0.9102302466498481, 0.6142342164781358], "class": 1}