{"image": "87ceaf05-e98b-11ef-b769-4cd717a70326.jpg", "bboxes": [0.4477277628580729, 0.07547547552320692, 0.9502302466498481, 0.6120119942559137], "class": 1}