{"image": "87ceaf05-e98b-11ef-b769-4cd717a70326.jpg", "bboxes": [0.20310308668348526, 0.4057657835218641, 0.7056055704752604, 0.9423023022545709], "class": 1}