{"image": "87ceaf05-e98b-11ef-b769-4cd717a70326.jpg", "bboxes": [0.15439442952473958, 0.07991991996765137, 0.6568969133165148, 0.616456438700358], "class": 1}