{"image": "87ceaf05-e98b-11ef-b769-4cd717a70326.jpg", "bboxes": [0.26754753112792967, 0.394654672410753, 0.7700500149197048, 0.9311911911434597], "class": 1}