{"image": "87ceaf05-e98b-11ef-b769-4cd717a70326.jpg", "bboxes": [0.2566166517469618, 0.0532532533009847, 0.759119135538737, 0.5897897720336914], "class": 1}