{"image": "87ceaf05-e98b-11ef-b769-4cd717a70326.jpg", "bboxes": [0.0586586422390408, 0.3924324501885308, 0.561161126030816, 0.9289689689212375], "class": 1}