{"image": "87ceaf05-e98b-11ef-b769-4cd717a70326.jpg", "bboxes": [0.4943944295247396, 0.11103103107876248, 0.9968969133165148, 0.6475675498114691], "class": 1}