{"image": "87ceaf05-e98b-11ef-b769-4cd717a70326.jpg", "bboxes": [0.24550554063585073, 0.055475475523206925, 0.7480080244276258, 0.5920119942559137], "class": 1}