{"image": "87ceaf05-e98b-11ef-b769-4cd717a70326.jpg", "bboxes": [0.1097697533501519, 0.36354356129964194, 0.6122722371419271, 0.9000800800323486], "class": 1}