{"image": "87ceaf05-e98b-11ef-b769-4cd717a70326.jpg", "bboxes": [0.5477277628580729, 0.3724324501885308, 1.0, 0.9089689689212376], "class": 1}