{"image": "87ceaf05-e98b-11ef-b769-4cd717a70326.jpg", "bboxes": [0.247727762858073, 0.394654672410753, 0.750230246649848, 0.9311911911434597], "class": 1}