{"image": "87ceaf05-e98b-11ef-b769-4cd717a70326.jpg", "bboxes": [0.31421419779459636, 0.1132532533009847, 0.8167166815863716, 0.6497897720336914], "class": 1}