{"image": "87ceaf05-e98b-11ef-b769-4cd717a70326.jpg", "bboxes": [0.38550554063585074, 0.10658658663431804, 0.8880080244276258, 0.6431231053670248], "class": 1}