{"image": "87ceaf05-e98b-11ef-b769-4cd717a70326.jpg", "bboxes": [0.07199197557237413, 0.4013213390774197, 0.5744944593641493, 0.9378578578101264], "class": 1}