{"image": "87ceaf05-e98b-11ef-b769-4cd717a70326.jpg", "bboxes": [0.39217220730251734, 0.06658658663431803, 0.8946746910942925, 0.6031231053670247], "class": 1}