{"image": "87ceaf05-e98b-11ef-b769-4cd717a70326.jpg", "bboxes": [0.09421419779459636, 0.35243245018853087, 0.5967166815863715, 0.8889689689212376], "class": 1}