{"image": "87ceaf05-e98b-11ef-b769-4cd717a70326.jpg", "bboxes": [0.36532530890570747, 0.39687689463297526, 0.8678277926974827, 0.933413413365682], "class": 1}