{"image": "87ceaf05-e98b-11ef-b769-4cd717a70326.jpg", "bboxes": [0.5166166517469618, 0.35021022796630863, 1.0, 0.8867467466990153], "class": 1}