{"image": "87ceaf05-e98b-11ef-b769-4cd717a70326.jpg", "bboxes": [0.40550554063585065, 0.3835435612996419, 0.9080080244276258, 0.9200800800323486], "class": 1}