{"image": "87ceaf05-e98b-11ef-b769-4cd717a70326.jpg", "bboxes": [0.18976975335015192, 0.06658658663431803, 0.6922722371419271, 0.6031231053670247], "class": 1}