{"image": "87ceaf05-e98b-11ef-b769-4cd717a70326.jpg", "bboxes": [0.18088086446126303, 0.06658658663431803, 0.6833833482530381, 0.6031231053670247], "class": 1}