{"image": "87ceaf05-e98b-11ef-b769-4cd717a70326.jpg", "bboxes": [0.25439442952473956, 0.35909911685519746, 0.7568969133165148, 0.8956356355879042], "class": 1}