{"image": "87ceaf05-e98b-11ef-b769-4cd717a70326.jpg", "bboxes": [0.33883887396918394, 0.37687689463297525, 0.8413413577609592, 0.9134134133656819], "class": 1}