{"image": "87ceaf05-e98b-11ef-b769-4cd717a70326.jpg", "bboxes": [0.5499499850802951, 0.3835435612996419, 1.0, 0.9200800800323486], "class": 1}