{"image": "87ceaf05-e98b-11ef-b769-4cd717a70326.jpg", "bboxes": [0.2632833184136285, 0.3568768946329752, 0.7657858022054036, 0.8934134133656819], "class": 1}