{"image": "87ceaf05-e98b-11ef-b769-4cd717a70326.jpg", "bboxes": [0.34106109619140623, 0.0532532533009847, 0.8435635799831814, 0.5897897720336914], "class": 1}