{"image": "87ceaf05-e98b-11ef-b769-4cd717a70326.jpg", "bboxes": [0.5299499850802951, 0.3857657835218642, 1.0, 0.9223023022545709], "class": 1}