{"image": "87ceaf05-e98b-11ef-b769-4cd717a70326.jpg", "bboxes": [0.18310308668348524, 0.10658658663431804, 0.6856055704752604, 0.6431231053670248], "class": 1}