{"image": "87ceaf05-e98b-11ef-b769-4cd717a70326.jpg", "bboxes": [0.36772776285807296, 0.39021022796630855, 0.870230246649848, 0.9267467466990152], "class": 1}