{"image": "88699727-e98b-11ef-a862-4cd717a70326.jpg", "bboxes": [0.005585572984483507, 0.3123723941379123, 0.5421221076117622, 0.8949549473656548], "class": 1}