{"image": "88699727-e98b-11ef-a862-4cd717a70326.jpg", "bboxes": [0.3534334479437934, 0.28348350524902344, 0.8899699825710721, 0.866066058476766], "class": 1}