{"image": "88699727-e98b-11ef-a862-4cd717a70326.jpg", "bboxes": [0.4712112257215711, 0.31681683858235676, 1.0, 0.8993993918100993], "class": 1}