{"image": "88699727-e98b-11ef-a862-4cd717a70326.jpg", "bboxes": [0.27343344794379343, 0.2923723941379123, 0.809969982571072, 0.8749549473656548], "class": 1}