{"image": "88699727-e98b-11ef-a862-4cd717a70326.jpg", "bboxes": [0.20336335076226128, 0.1094894970787896, 0.7398998853895399, 0.6920720503065321], "class": 1}