{"image": "88699727-e98b-11ef-a862-4cd717a70326.jpg", "bboxes": [0.2566966840955946, 0.32792794969346784, 0.7932332187228732, 0.9105105029212104], "class": 1}