{"image": "88699727-e98b-11ef-a862-4cd717a70326.jpg", "bboxes": [0.09565567016601562, 0.08282283041212293, 0.6321922047932942, 0.6654053836398655], "class": 1}