{"image": "88699727-e98b-11ef-a862-4cd717a70326.jpg", "bboxes": [0.38898900349934895, 0.12282283041212294, 0.9255255381266276, 0.7054053836398655], "class": 1}