{"image": "88699727-e98b-11ef-a862-4cd717a70326.jpg", "bboxes": [0.0, 0.29015017191569015, 0.5221221076117621, 0.8727327251434326], "class": 1}