{"image": "88699727-e98b-11ef-a862-4cd717a70326.jpg", "bboxes": [0.36454455905490446, 0.07393394152323406, 0.9010810936821831, 0.6565164947509765], "class": 1}