{"image": "88699727-e98b-11ef-a862-4cd717a70326.jpg", "bboxes": [0.3845445590549045, 0.1272672748565674, 0.9210810936821832, 0.7098498280843099], "class": 1}