{"image": "88699727-e98b-11ef-a862-4cd717a70326.jpg", "bboxes": [0.2544744618733724, 0.06948949707878961, 0.791010996500651, 0.6520720503065321], "class": 1}