{"image": "88699727-e98b-11ef-a862-4cd717a70326.jpg", "bboxes": [0.10558557298448351, 0.09171171930101182, 0.6421221076117621, 0.6742942725287543], "class": 1}