{"image": "88699727-e98b-11ef-a862-4cd717a70326.jpg", "bboxes": [0.0, 0.12504505263434515, 0.5332332187228732, 0.7076276058620877], "class": 1}