{"image": "88699727-e98b-11ef-a862-4cd717a70326.jpg", "bboxes": [0.39891890631781685, 0.34126128302680125, 0.9354554409450955, 0.9238438362545437], "class": 1}