{"image": "88699727-e98b-11ef-a862-4cd717a70326.jpg", "bboxes": [0.09121122572157114, 0.30348350524902346, 0.6277477603488498, 0.886066058476766], "class": 1}