{"image": "88699727-e98b-11ef-a862-4cd717a70326.jpg", "bboxes": [0.4556556701660156, 0.09171171930101182, 0.9921922047932943, 0.6742942725287543], "class": 1}