{"image": "88699727-e98b-11ef-a862-4cd717a70326.jpg", "bboxes": [0.08454455905490454, 0.28792794969346786, 0.6210810936821831, 0.8705105029212103], "class": 1}