{"image": "88699727-e98b-11ef-a862-4cd717a70326.jpg", "bboxes": [0.3278077952067057, 0.07615616374545627, 0.8643443298339843, 0.6587387169731987], "class": 1}