{"image": "88699727-e98b-11ef-a862-4cd717a70326.jpg", "bboxes": [0.35225223965115016, 0.1272672748565674, 0.8887887742784288, 0.7098498280843099], "class": 1}