{"image": "88699727-e98b-11ef-a862-4cd717a70326.jpg", "bboxes": [0.12114112854003906, 0.07171171930101183, 0.6576776631673177, 0.6542942725287544], "class": 1}