{"image": "88699727-e98b-11ef-a862-4cd717a70326.jpg", "bboxes": [0.1445445590549045, 0.09615616374545627, 0.6810810936821832, 0.6787387169731988], "class": 1}