{"image": "88699727-e98b-11ef-a862-4cd717a70326.jpg", "bboxes": [0.42898900349934893, 0.12060060818990072, 0.9655255381266276, 0.7031831614176433], "class": 1}