{"image": "88699727-e98b-11ef-a862-4cd717a70326.jpg", "bboxes": [0.45121122572157113, 0.10726727485656738, 0.9877477603488498, 0.68984982808431], "class": 1}