{"image": "88699727-e98b-11ef-a862-4cd717a70326.jpg", "bboxes": [0.24780779520670573, 0.299039060804579, 0.7843443298339844, 0.8816216140323215], "class": 1}