{"image": "88699727-e98b-11ef-a862-4cd717a70326.jpg", "bboxes": [0.16676678127712674, 0.28792794969346786, 0.7033033159044052, 0.8705105029212103], "class": 1}