{"image": "88699727-e98b-11ef-a862-4cd717a70326.jpg", "bboxes": [0.208989003499349, 0.09393394152323405, 0.7455255381266276, 0.6765164947509765], "class": 1}