{"image": "88699727-e98b-11ef-a862-4cd717a70326.jpg", "bboxes": [0.04114112854003906, 0.31015017191569005, 0.5776776631673177, 0.8927327251434326], "class": 1}