{"image": "88699727-e98b-11ef-a862-4cd717a70326.jpg", "bboxes": [0.1944744618733724, 0.13393394152323404, 0.731010996500651, 0.7165164947509766], "class": 1}