{"image": "88699727-e98b-11ef-a862-4cd717a70326.jpg", "bboxes": [0.3489890034993489, 0.33459461636013454, 0.8855255381266276, 0.9171771695878771], "class": 1}