{"image": "88699727-e98b-11ef-a862-4cd717a70326.jpg", "bboxes": [0.40780779520670574, 0.28792794969346786, 0.9443443298339844, 0.8705105029212103], "class": 1}