{"image": "88699727-e98b-11ef-a862-4cd717a70326.jpg", "bboxes": [0.021141128540039064, 0.2923723941379123, 0.5576776631673177, 0.8749549473656548], "class": 1}