{"image": "899f52ec-e98b-11ef-b018-4cd717a70326.jpg", "bboxes": [0.3793193223741319, 0.2741341654459636, 0.9218618647257487, 0.856716718673706], "class": 1}