{"image": "899f52ec-e98b-11ef-b018-4cd717a70326.jpg", "bboxes": [0.09369369082980686, 0.31635638766818575, 0.6362362331814236, 0.8989389408959283], "class": 1}