{"image": "899f52ec-e98b-11ef-b018-4cd717a70326.jpg", "bboxes": [0.20480480194091796, 0.3008008321126302, 0.7473473442925347, 0.8833833853403728], "class": 1}