{"image": "899f52ec-e98b-11ef-b018-4cd717a70326.jpg", "bboxes": [0.5215415445963542, 0.1388388368818495, 1.0, 0.721421390109592], "class": 1}