{"image": "899f52ec-e98b-11ef-b018-4cd717a70326.jpg", "bboxes": [0.35043043348524305, 0.3119119432237413, 0.8929729758368599, 0.8944944964514838], "class": 1}