{"image": "899f52ec-e98b-11ef-b018-4cd717a70326.jpg", "bboxes": [0.2948748779296875, 0.32746749877929693, 0.8374174202813043, 0.9100500520070394], "class": 1}