{"image": "899f52ec-e98b-11ef-b018-4cd717a70326.jpg", "bboxes": [0.0, 0.09439439243740505, 0.5340140109592014, 0.6769769456651475], "class": 1}