{"image": "899f52ec-e98b-11ef-b018-4cd717a70326.jpg", "bboxes": [0.2393193223741319, 0.14328328132629395, 0.7818618647257487, 0.7258658345540364], "class": 1}