{"image": "899f52ec-e98b-11ef-b018-4cd717a70326.jpg", "bboxes": [0.13369369082980687, 0.30302305433485244, 0.6762362331814236, 0.885605607562595], "class": 1}