{"image": "899f52ec-e98b-11ef-b018-4cd717a70326.jpg", "bboxes": [0.5259859890407986, 0.3252452765570747, 1.0, 0.9078278297848171], "class": 1}