{"image": "899f52ec-e98b-11ef-b018-4cd717a70326.jpg", "bboxes": [0.5282082112630209, 0.12106105910407172, 1.0, 0.7036436123318143], "class": 1}