{"image": "899f52ec-e98b-11ef-b018-4cd717a70326.jpg", "bboxes": [0.04480480194091797, 0.11661661465962728, 0.5873473442925348, 0.6991991678873698], "class": 1}