{"image": "899f52ec-e98b-11ef-b018-4cd717a70326.jpg", "bboxes": [0.027027024163140193, 0.29635638766818573, 0.569569566514757, 0.8789389408959283], "class": 1}