{"image": "899f52ec-e98b-11ef-b018-4cd717a70326.jpg", "bboxes": [0.09591591305202908, 0.13439439243740506, 0.6384584554036459, 0.7169769456651476], "class": 1}