{"image": "899f52ec-e98b-11ef-b018-4cd717a70326.jpg", "bboxes": [0.0, 0.1410610591040717, 0.529569566514757, 0.7236436123318143], "class": 1}