{"image": "899f52ec-e98b-11ef-b018-4cd717a70326.jpg", "bboxes": [0.08924924638536241, 0.33191194322374135, 0.6317917887369792, 0.9144944964514838], "class": 1}