{"image": "899f52ec-e98b-11ef-b018-4cd717a70326.jpg", "bboxes": [0.22598598904079858, 0.32302305433485246, 0.7685285313924154, 0.9056056075625949], "class": 1}