{"image": "899f52ec-e98b-11ef-b018-4cd717a70326.jpg", "bboxes": [0.10258257971869575, 0.08994994799296062, 0.6451251220703125, 0.6725325012207031], "class": 1}