{"image": "899f52ec-e98b-11ef-b018-4cd717a70326.jpg", "bboxes": [0.0, 0.12328328132629394, 0.4384584554036458, 0.7058658345540365], "class": 1}