{"image": "899f52ec-e98b-11ef-b018-4cd717a70326.jpg", "bboxes": [0.0, 0.1477277257707384, 0.4340140109592014, 0.7303102789984809], "class": 1}