{"image": "899f52ec-e98b-11ef-b018-4cd717a70326.jpg", "bboxes": [0.5259859890407986, 0.09217217021518283, 1.0, 0.6747547234429253], "class": 1}