{"image": "899f52ec-e98b-11ef-b018-4cd717a70326.jpg", "bboxes": [0.44154154459635414, 0.31413416544596345, 0.9840840869479709, 0.8967167186737061], "class": 1}