{"image": "899f52ec-e98b-11ef-b018-4cd717a70326.jpg", "bboxes": [0.4970971001519098, 0.0877277257707384, 1.0, 0.670310278998481], "class": 1}