{"image": "899f52ec-e98b-11ef-b018-4cd717a70326.jpg", "bboxes": [0.011471468607584636, 0.10772772577073839, 0.5540140109592014, 0.6903102789984809], "class": 1}