{"image": "899f52ec-e98b-11ef-b018-4cd717a70326.jpg", "bboxes": [0.5326526557074653, 0.28524527655707466, 1.0, 0.8678278297848172], "class": 1}