{"image": "899f52ec-e98b-11ef-b018-4cd717a70326.jpg", "bboxes": [0.19709710015190973, 0.08994994799296062, 0.7396396425035267, 0.6725325012207031], "class": 1}