{"image": "899f52ec-e98b-11ef-b018-4cd717a70326.jpg", "bboxes": [0.28036035749647353, 0.2941341654459635, 0.8229028998480903, 0.876716718673706], "class": 1}