{"image": "899f52ec-e98b-11ef-b018-4cd717a70326.jpg", "bboxes": [0.29931932237413195, 0.1299499479929606, 0.8418618647257486, 0.7125325012207031], "class": 1}