{"image": "899f52ec-e98b-11ef-b018-4cd717a70326.jpg", "bboxes": [0.07591591305202908, 0.2763563876681857, 0.6184584554036459, 0.8589389408959283], "class": 1}