{"image": "899f52ec-e98b-11ef-b018-4cd717a70326.jpg", "bboxes": [0.36376376681857636, 0.10106105910407172, 0.9063063091701932, 0.6836436123318143], "class": 1}