{"image": "899f52ec-e98b-11ef-b018-4cd717a70326.jpg", "bboxes": [0.16480480194091796, 0.1499499479929606, 0.7073473442925348, 0.7325325012207031], "class": 1}