{"image": "899f52ec-e98b-11ef-b018-4cd717a70326.jpg", "bboxes": [0.3615415445963541, 0.0877277257707384, 0.9040840869479709, 0.670310278998481], "class": 1}