{
  "parameters": {
    "OOP": true,
    "CUDA": false,
    "device": "NVIDIA T1000 8GB",
    "model_id": "v0",
    "lr": 0.0005,
    "gamma": 0.95,
    "epsilon_decay": 5000,
    "batch_size": 32,
    "buffer_size": 5000,
    "target_update_freq": 1000
  },
  "runtime": 100.82265329360962,
  "valtime": 3.0457003116607666,
  "best_model_at": 4641,
  "val_history": {
    "4641": [
      500.0,
      500.0
    ]
  },
  "test_result": 500.0
}