{
  "parameters": {
    "OOP": true,
    "CUDA": false,
    "device": "NVIDIA T1000 8GB",
    "model_id": "v0",
    "lr": 0.0005,
    "gamma": 0.95,
    "epsilon_decay": 5000,
    "batch_size": 32,
    "buffer_size": 5000,
    "target_update_freq": 1000
  },
  "runtime": 102.79819440841675,
  "valtime": 2.611422538757324,
  "best_model_at": 4880,
  "val_history": {
    "4404": [
      500.0,
      134.4
    ],
    "4880": [
      463.0,
      302.05
    ]
  },
  "test_result": 304.334
}