{
  "parameters": {
    "OOP": true,
    "CUDA": false,
    "device": "NVIDIA T1000 8GB",
    "model_name": "AC_MLP_v0",
    "alpha": 0.001,
    "beta": 0.001,
    "gamma": 0.98
  },
  "runtime": 103.88553357124329,
  "valtime": 1.3852691650390625,
  "best_model_at": 285,
  "val_history": {
    "285": [
      500.0,
      500.0
    ]
  },
  "test_result": [
    499.664,
    2.3980419534321835
  ]
}