{
  "runtime": 182.54894089698792,
  "valtime": 16.133816719055176,
  "best_model_at": 86,
  "val_history": {
    "82": [
      1000.0,
      571.1
    ],
    "84": [
      585.5,
      706.8
    ],
    "85": [
      1000.0,
      585.65
    ],
    "86": [
      971.5,
      655.6
    ]
  },
  "test_result": [
    643.808,
    299.19272000402486
  ]
}