{
  "runtime": 81.08324646949768,
  "valtime": 18.417412519454956,
  "best_model_at": 33,
  "val_history": {
    "31": [
      1000.0,
      1000
    ],
    "32": [
      1000.0,
      982.8
    ],
    "33": [
      1000.0,
      1000
    ]
  },
  "test_result": [
    1000,
    0.0
  ]
}