{"image": "28b03f66-e98b-11ef-8d00-4cd717a70326.jpg", "bboxes": [0.309489491780599, 0.18404404958089193, 0.7439239162868924, 0.7506106122334798], "class": 1}