{"image": "28b03f66-e98b-11ef-8d00-4cd717a70326.jpg", "bboxes": [0.429409417046441, 0.24272272109985352, 0.8638438415527344, 0.8092892837524414], "class": 1}