{"image": "28b03f66-e98b-11ef-8d00-4cd717a70326.jpg", "bboxes": [0.15837838066948784, 0.2195996051364475, 0.5928128051757813, 0.7861661677890354], "class": 1}