{"image": "28b03f66-e98b-11ef-8d00-4cd717a70326.jpg", "bboxes": [0.4316316392686632, 0.2373773829142253, 0.8660660637749567, 0.8039439455668131], "class": 1}