{"image": "28b03f66-e98b-11ef-8d00-4cd717a70326.jpg", "bboxes": [0.5049649726019965, 0.2195996051364475, 0.9393993971082899, 0.7861661677890354], "class": 1}