{"image": "28b03f66-e98b-11ef-8d00-4cd717a70326.jpg", "bboxes": [0.33385386149088536, 0.21515516069200305, 0.7682882859971788, 0.7817217233445909], "class": 1}