{"image": "28b03f66-e98b-11ef-8d00-4cd717a70326.jpg", "bboxes": [0.018378380669487847, 0.2062662718031142, 0.45281280517578126, 0.7728328344557021], "class": 1}