{"image": "28b03f66-e98b-11ef-8d00-4cd717a70326.jpg", "bboxes": [0.0, 0.23071071624755857, 0.41947947184244794, 0.7972772789001464], "class": 1}