{"image": "28b03f66-e98b-11ef-8d00-4cd717a70326.jpg", "bboxes": [0.08948949178059896, 0.2027227210998535, 0.5239239162868924, 0.7692892837524414], "class": 1}