{"image": "28b03f66-e98b-11ef-8d00-4cd717a70326.jpg", "bboxes": [0.2139339362250434, 0.21827827665540908, 0.6483683607313369, 0.784844839307997], "class": 1}