{"image": "28b03f66-e98b-11ef-8d00-4cd717a70326.jpg", "bboxes": [0.469409417046441, 0.24182182735866975, 0.9038438415527343, 0.8083883900112576], "class": 1}