{"image": "28b03f66-e98b-11ef-8d00-4cd717a70326.jpg", "bboxes": [0.12726726955837675, 0.22494494332207574, 0.5617016940646702, 0.7915115059746636], "class": 1}