{"image": "28b03f66-e98b-11ef-8d00-4cd717a70326.jpg", "bboxes": [0.029489491780598957, 0.23515516069200304, 0.46392391628689233, 0.8017217233445909], "class": 1}