{"image": "28b03f66-e98b-11ef-8d00-4cd717a70326.jpg", "bboxes": [0.47829830593532985, 0.23383383221096463, 0.9127327304416233, 0.8004003948635525], "class": 1}