{"image": "28b03f66-e98b-11ef-8d00-4cd717a70326.jpg", "bboxes": [0.056156158447265625, 0.19383383221096462, 0.490590582953559, 0.7604003948635525], "class": 1}