{"image": "28b03f66-e98b-11ef-8d00-4cd717a70326.jpg", "bboxes": [0.329409417046441, 0.22182182735866973, 0.7638438415527343, 0.7883883900112576], "class": 1}