{"image": "38cd7dfc-e98b-11ef-a4ed-4cd717a70326.jpg", "bboxes": [0.28926926506890194, 0.2422822782728407, 0.7977777777777778, 0.7928328026665582], "class": 1}