{"image": "38cd7dfc-e98b-11ef-a4ed-4cd717a70326.jpg", "bboxes": [0.37777777777777777, 0.21783783382839628, 0.8862862904866536, 0.7683883582221137], "class": 1}