{"image": "38cd7dfc-e98b-11ef-a4ed-4cd717a70326.jpg", "bboxes": [0.26482482062445745, 0.19561561160617405, 0.7733333333333333, 0.7461661359998915], "class": 1}