{"image": "38cd7dfc-e98b-11ef-a4ed-4cd717a70326.jpg", "bboxes": [0.24260259840223525, 0.22228227827284072, 0.7511111111111111, 0.7728328026665582], "class": 1}