{"image": "38cd7dfc-e98b-11ef-a4ed-4cd717a70326.jpg", "bboxes": [0.31555555555555564, 0.2405005306667751, 0.8240640682644315, 0.7910510550604927], "class": 1}