{"image": "38cd7dfc-e98b-11ef-a4ed-4cd717a70326.jpg", "bboxes": [0.21149148729112413, 0.19605608622233073, 0.72, 0.7466066106160482], "class": 1}