{"image": "38cd7dfc-e98b-11ef-a4ed-4cd717a70326.jpg", "bboxes": [0.22260259840223523, 0.21161164177788627, 0.7311111111111112, 0.7621621661716037], "class": 1}