{"image": "38cd7dfc-e98b-11ef-a4ed-4cd717a70326.jpg", "bboxes": [0.2844444444444445, 0.22672672271728517, 0.7929529571533203, 0.7772772471110027], "class": 1}