{"image": "38cd7dfc-e98b-11ef-a4ed-4cd717a70326.jpg", "bboxes": [0.0, 0.19783783382839626, 0.4822222222222222, 0.7483883582221137], "class": 1}