{"image": "38cd7dfc-e98b-11ef-a4ed-4cd717a70326.jpg", "bboxes": [0.30000000000000004, 0.22894894493950738, 0.8085085127088757, 0.7794994693332248], "class": 1}