{"image": "38cd7dfc-e98b-11ef-a4ed-4cd717a70326.jpg", "bboxes": [0.22260259840223523, 0.20938941955566404, 0.7311111111111112, 0.7599399439493815], "class": 1}