{"image": "38cd7dfc-e98b-11ef-a4ed-4cd717a70326.jpg", "bboxes": [0.0981581539577908, 0.20272275288899744, 0.6066666666666667, 0.7532732772827149], "class": 1}