{"image": "38cd7dfc-e98b-11ef-a4ed-4cd717a70326.jpg", "bboxes": [0.0, 0.2071671973334418, 0.4, 0.7577177217271593], "class": 1}