{"image": "38cd7dfc-e98b-11ef-a4ed-4cd717a70326.jpg", "bboxes": [0.1781581539577908, 0.19827830844455296, 0.6866666666666666, 0.7488288328382704], "class": 1}