{"image": "38cd7dfc-e98b-11ef-a4ed-4cd717a70326.jpg", "bboxes": [0.2292692650689019, 0.2005005306667752, 0.7377777777777778, 0.7510510550604926], "class": 1}