{"image": "38cd7dfc-e98b-11ef-a4ed-4cd717a70326.jpg", "bboxes": [0.1892692650689019, 0.22716719733344182, 0.6977777777777778, 0.7777177217271593], "class": 1}