{"image": "38cd7dfc-e98b-11ef-a4ed-4cd717a70326.jpg", "bboxes": [0.009269265068901909, 0.23605608622233076, 0.5177777777777778, 0.7866066106160482], "class": 1}