{"image": "780216bd-e98b-11ef-a9b0-4cd717a70326.jpg", "bboxes": [0.5615015072292752, 0.28522523668077254, 1.0, 0.8798198265499538], "class": 1}