{"image": "780216bd-e98b-11ef-a9b0-4cd717a70326.jpg", "bboxes": [0.10198197682698568, 0.30300301445855043, 0.6184984927707248, 0.8975976043277316], "class": 1}