{"image": "780216bd-e98b-11ef-a9b0-4cd717a70326.jpg", "bboxes": [0.38372372945149735, 0.24966968112521704, 0.9002402453952365, 0.8442642709943984], "class": 1}