{"image": "780216bd-e98b-11ef-a9b0-4cd717a70326.jpg", "bboxes": [0.0, 0.27633634779188365, 0.4651651594373915, 0.870930937661065], "class": 1}