{"image": "780216bd-e98b-11ef-a9b0-4cd717a70326.jpg", "bboxes": [0.6681681738959419, 0.2474474589029948, 1.0, 0.8420420487721761], "class": 1}