{"image": "780216bd-e98b-11ef-a9b0-4cd717a70326.jpg", "bboxes": [0.09087086571587456, 0.1401801734500461, 0.6073873816596137, 0.7347747633192274], "class": 1}