{"image": "780216bd-e98b-11ef-a9b0-4cd717a70326.jpg", "bboxes": [0.47705706278483073, 0.2474474589029948, 0.9935735787285699, 0.8420420487721761], "class": 1}