{"image": "780216bd-e98b-11ef-a9b0-4cd717a70326.jpg", "bboxes": [0.0, 0.09129128456115723, 0.27183182610405815, 0.6858858744303385], "class": 1}