{"image": "780216bd-e98b-11ef-a9b0-4cd717a70326.jpg", "bboxes": [0.3726126183403863, 0.2807807922363281, 0.8891291342841254, 0.8753753821055095], "class": 1}