{"image": "780216bd-e98b-11ef-a9b0-4cd717a70326.jpg", "bboxes": [0.08864864349365234, 0.13573572900560166, 0.6051651594373915, 0.730330318874783], "class": 1}