{"image": "780216bd-e98b-11ef-a9b0-4cd717a70326.jpg", "bboxes": [0.0, 0.13129128456115724, 0.509609603881836, 0.7258858744303386], "class": 1}