{"image": "78a00ed6-e98b-11ef-a4ef-4cd717a70326.jpg", "bboxes": [0.27473476833767363, 0.19559560351901584, 0.6551151021321615, 0.6220220141940647], "class": 1}