{"image": "78a00ed6-e98b-11ef-a4ef-4cd717a70326.jpg", "bboxes": [0.45695699055989586, 0.18892893685234918, 0.8373373243543837, 0.615355347527398], "class": 1}