{"image": "78a00ed6-e98b-11ef-a4ef-4cd717a70326.jpg", "bboxes": [0.4769569905598958, 0.20226227018568252, 0.8573373243543837, 0.6286886808607314], "class": 1}