{"image": "78a00ed6-e98b-11ef-a4ef-4cd717a70326.jpg", "bboxes": [0.15155156453450522, 0.19337338129679363, 0.531931898328993, 0.6197997919718424], "class": 1}