{"image": "78a00ed6-e98b-11ef-a4ef-4cd717a70326.jpg", "bboxes": [0.44584587944878473, 0.34686687469482425, 0.8262262132432724, 0.7732932853698731], "class": 1}