{"image": "78a00ed6-e98b-11ef-a4ef-4cd717a70326.jpg", "bboxes": [0.6191792127821181, 0.20004004796346028, 0.999559546576606, 0.6264664586385091], "class": 1}