{"image": "78a00ed6-e98b-11ef-a4ef-4cd717a70326.jpg", "bboxes": [0.08044045342339409, 0.21781782574123806, 0.46082078721788194, 0.6442442364162869], "class": 1}