{"image": "78a00ed6-e98b-11ef-a4ef-4cd717a70326.jpg", "bboxes": [0.35377378675672744, 0.3713113191392686, 0.7341541205512153, 0.7977377298143175], "class": 1}