{"image": "78a00ed6-e98b-11ef-a4ef-4cd717a70326.jpg", "bboxes": [0.21599600897894966, 0.38464465247260204, 0.5963763427734375, 0.8110710631476509], "class": 1}