{"image": "78a00ed6-e98b-11ef-a4ef-4cd717a70326.jpg", "bboxes": [0.4836236572265625, 0.39797798580593535, 0.8640039910210503, 0.8244043964809842], "class": 1}