{"image": "78a00ed6-e98b-11ef-a4ef-4cd717a70326.jpg", "bboxes": [0.5569569905598959, 0.20670671463012696, 0.9373373243543837, 0.6331331253051757], "class": 1}