{"image": "78a00ed6-e98b-11ef-a4ef-4cd717a70326.jpg", "bboxes": [0.4436236572265625, 0.2400400479634603, 0.8240039910210504, 0.6664664586385091], "class": 1}