{"image": "78a00ed6-e98b-11ef-a4ef-4cd717a70326.jpg", "bboxes": [0.299179212782118, 0.2311511590745714, 0.6795595465766059, 0.6575775697496202], "class": 1}