{"image": "78a00ed6-e98b-11ef-a4ef-4cd717a70326.jpg", "bboxes": [0.10932934231228299, 0.36020020802815755, 0.48970967610677085, 0.7866266187032064], "class": 1}