{"image": "793c885a-e98b-11ef-bc13-4cd717a70326.jpg", "bboxes": [0.3648248630099826, 0.19291291448805067, 0.7432032012939453, 0.6313513776991102], "class": 1}