{"image": "793c885a-e98b-11ef-bc13-4cd717a70326.jpg", "bboxes": [0.16346346537272136, 0.39087084452311194, 0.541841803656684, 0.8293093077341716], "class": 1}