{"image": "793c885a-e98b-11ef-bc13-4cd717a70326.jpg", "bboxes": [0.12346346537272135, 0.19957958115471733, 0.5018418036566841, 0.6380180443657769], "class": 1}