{"image": "793c885a-e98b-11ef-bc13-4cd717a70326.jpg", "bboxes": [0.41149152967664926, 0.1573573589324951, 0.789869867960612, 0.5957958221435546], "class": 1}