{"image": "793c885a-e98b-11ef-bc13-4cd717a70326.jpg", "bboxes": [0.26482486300998265, 0.1640240255991618, 0.6432032012939453, 0.6024624888102214], "class": 1}