{"image": "793c885a-e98b-11ef-bc13-4cd717a70326.jpg", "bboxes": [0.46704708523220484, 0.3486486223008898, 0.8454254235161676, 0.7870870855119495], "class": 1}