{"image": "793c885a-e98b-11ef-bc13-4cd717a70326.jpg", "bboxes": [0.44260264078776046, 0.35975973341200085, 0.8209809790717231, 0.7981981966230605], "class": 1}