{"image": "793c885a-e98b-11ef-bc13-4cd717a70326.jpg", "bboxes": [0.4456856875949436, 0.3864264000786676, 0.8240640258789063, 0.8248648632897271], "class": 1}