{"image": "793c885a-e98b-11ef-bc13-4cd717a70326.jpg", "bboxes": [0.32346346537272136, 0.3686486223008898, 0.701841803656684, 0.8070870855119493], "class": 1}