{"image": "793c885a-e98b-11ef-bc13-4cd717a70326.jpg", "bboxes": [0.28568568759494356, 0.38420417785644534, 0.6640640258789062, 0.8226426410675048], "class": 1}