{"image": "793c885a-e98b-11ef-bc13-4cd717a70326.jpg", "bboxes": [0.18260264078776045, 0.33975973341200083, 0.5609809790717231, 0.7781981966230604], "class": 1}