{"image": "793c885a-e98b-11ef-bc13-4cd717a70326.jpg", "bboxes": [0.20704708523220483, 0.22180180337693955, 0.5854254235161676, 0.6602402665879992], "class": 1}