{"image": "793c885a-e98b-11ef-bc13-4cd717a70326.jpg", "bboxes": [0.12124124315049913, 0.39087084452311194, 0.4996195814344618, 0.8293093077341716], "class": 1}