{"image": "79d745c5-e98b-11ef-bdd8-4cd717a70326.jpg", "bboxes": [0.8121922047932942, 0.15151150597466362, 1.0, 0.613973994784885], "class": 1}