{"image": "79d745c5-e98b-11ef-bdd8-4cd717a70326.jpg", "bboxes": [0.838858871459961, 0.14040039486355252, 1.0, 0.6028628836737738], "class": 1}