{"image": "79d745c5-e98b-11ef-bdd8-4cd717a70326.jpg", "bboxes": [0.0, 0.44602600521511504, 0.2544744618733724, 0.9084884940253364], "class": 1}