{"image": "79d745c5-e98b-11ef-bdd8-4cd717a70326.jpg", "bboxes": [0.8077477603488499, 0.39047044965955946, 1.0, 0.8529329384697808], "class": 1}