{"image": "79d745c5-e98b-11ef-bdd8-4cd717a70326.jpg", "bboxes": [0.0, 0.13595595041910807, 0.3233633507622613, 0.5984184392293295], "class": 1}