{"image": "79d745c5-e98b-11ef-bdd8-4cd717a70326.jpg", "bboxes": [0.8321922047932943, 0.09151150597466363, 1.0, 0.553973994784885], "class": 1}