{"image": "79d745c5-e98b-11ef-bdd8-4cd717a70326.jpg", "bboxes": [0.7121922047932943, 0.12484483930799696, 1.0, 0.5873073281182183], "class": 1}