{"image": "79d745c5-e98b-11ef-bdd8-4cd717a70326.jpg", "bboxes": [0.6455255381266276, 0.41269267188178166, 1.0, 0.875155160692003], "class": 1}