{"image": "79d745c5-e98b-11ef-bdd8-4cd717a70326.jpg", "bboxes": [0.0034234227074517146, 0.39491489410400393, 0.3878077952067057, 0.8573773829142253], "class": 1}