{"image": "79d745c5-e98b-11ef-bdd8-4cd717a70326.jpg", "bboxes": [0.0, 0.38602600521511504, 0.27003001742892796, 0.8484884940253363], "class": 1}