{"image": "79d745c5-e98b-11ef-bdd8-4cd717a70326.jpg", "bboxes": [0.0, 0.14484483930799696, 0.36780779520670576, 0.6073073281182183], "class": 1}