{"image": "79d745c5-e98b-11ef-bdd8-4cd717a70326.jpg", "bboxes": [0.7455255381266276, 0.4238037829928928, 1.0, 0.8862662718031141], "class": 1}