{"image": "79d745c5-e98b-11ef-bdd8-4cd717a70326.jpg", "bboxes": [0.0, 0.41491489410400395, 0.17225223965115016, 0.8773773829142253], "class": 1}