{"image": "7b0cb18a-e98b-11ef-8bb4-4cd717a70326.jpg", "bboxes": [0.0, 0.07789791107177735, 4.003736707899305e-05, 0.5743943977355958], "class": 1}