{"image": "7b0cb18a-e98b-11ef-8bb4-4cd717a70326.jpg", "bboxes": [0.0, 0.4344944911532932, 0.3778178151448568, 0.9309909778171116], "class": 1}