{"image": "7b0cb18a-e98b-11ef-8bb4-4cd717a70326.jpg", "bboxes": [0.0, 0.42338338004218207, 0.08004003736707899, 0.9198798667060004], "class": 1}