{"image": "7b0cb18a-e98b-11ef-8bb4-4cd717a70326.jpg", "bboxes": [0.8755155181884766, 0.07123124440511064, 1.0, 0.567727731068929], "class": 1}