{"image": "7b0cb18a-e98b-11ef-8bb4-4cd717a70326.jpg", "bboxes": [0.9266266292995877, 0.042342355516221786, 1.0, 0.5388388421800401], "class": 1}