{"image": "7b0cb18a-e98b-11ef-8bb4-4cd717a70326.jpg", "bboxes": [0.659959962632921, 0.09345346662733289, 1.0, 0.5899499532911512], "class": 1}