{"image": "7b0cb18a-e98b-11ef-8bb4-4cd717a70326.jpg", "bboxes": [0.0, 0.03789791107177731, 0.26892892625596787, 0.5343943977355957], "class": 1}