{"image": "7b0cb18a-e98b-11ef-8bb4-4cd717a70326.jpg", "bboxes": [0.7044044070773654, 0.035675688849555076, 1.0, 0.5321721755133735], "class": 1}