{"image": "7ce12851-e98b-11ef-ac34-4cd717a70326.jpg", "bboxes": [0.17103103637695316, 0.13577577696906196, 0.5754354010687934, 0.6222622595893013], "class": 1}