{"image": "7ce12851-e98b-11ef-ac34-4cd717a70326.jpg", "bboxes": [0.6445645989312065, 0.15799799919128418, 1.0, 0.6444844818115234], "class": 1}