{"image": "7ce12851-e98b-11ef-ac34-4cd717a70326.jpg", "bboxes": [0.0, 0.18688688808017306, 0.3732131788465711, 0.6733733707004124], "class": 1}