{"image": "7ce12851-e98b-11ef-ac34-4cd717a70326.jpg", "bboxes": [0.09547548082139756, 0.15355355474683974, 0.49987984551323783, 0.640040037367079], "class": 1}