{"image": "7ce12851-e98b-11ef-ac34-4cd717a70326.jpg", "bboxes": [0.31345348782009547, 0.3488488515218099, 0.7178578525119358, 0.8353353341420492], "class": 1}