{"image": "7ce12851-e98b-11ef-ac34-4cd717a70326.jpg", "bboxes": [0.06658659193250871, 0.16466466585795084, 0.470990956624349, 0.6511511484781901], "class": 1}