{"image": "7ce12851-e98b-11ef-ac34-4cd717a70326.jpg", "bboxes": [0.34012015448676214, 0.15799799919128418, 0.7445245191786024, 0.6444844818115234], "class": 1}