{"image": "7ce12851-e98b-11ef-ac34-4cd717a70326.jpg", "bboxes": [0.24214214748806429, 0.32662662929958763, 0.6465465121799046, 0.8131131119198269], "class": 1}