{"image": "7ce12851-e98b-11ef-ac34-4cd717a70326.jpg", "bboxes": [0.07991992526584202, 0.17577577696906196, 0.4843242899576823, 0.6622622595893012], "class": 1}