{"image": "7ce12851-e98b-11ef-ac34-4cd717a70326.jpg", "bboxes": [0.4823423767089844, 0.17577577696906196, 0.8867467414008247, 0.6622622595893012], "class": 1}