{"image": "7ce12851-e98b-11ef-ac34-4cd717a70326.jpg", "bboxes": [0.0, 0.1979979991912842, 0.3954354010687934, 0.6844844818115234], "class": 1}