{"image": "7ce12851-e98b-11ef-ac34-4cd717a70326.jpg", "bboxes": [0.5934534878200954, 0.1513313325246175, 0.9978578525119358, 0.6378178151448568], "class": 1}