{"image": "7ce12851-e98b-11ef-ac34-4cd717a70326.jpg", "bboxes": [0.11547548082139758, 0.18244244363572862, 0.5198798455132378, 0.6689289262559679], "class": 1}