{"image": "7ce12851-e98b-11ef-ac34-4cd717a70326.jpg", "bboxes": [0.3756757100423177, 0.35329329596625436, 0.780080074734158, 0.8397797785864936], "class": 1}