{"image": "7ce12851-e98b-11ef-ac34-4cd717a70326.jpg", "bboxes": [0.6623423767089843, 0.18466466585795085, 1.0, 0.6711511484781901], "class": 1}