{"image": "7d7bc810-e98b-11ef-abc6-4cd717a70326.jpg", "bboxes": [0.23765762329101559, 0.3434835052490235, 0.7301501295301649, 0.9160560544331868], "class": 1}