{"image": "7d7bc810-e98b-11ef-abc6-4cd717a70326.jpg", "bboxes": [0.2243242899576823, 0.10172172334459093, 0.7168167961968316, 0.6742942725287543], "class": 1}