{"image": "7d7bc810-e98b-11ef-abc6-4cd717a70326.jpg", "bboxes": [0.5254054260253906, 0.3501501719156901, 1.0, 0.9227227210998535], "class": 1}