{"image": "7d7bc810-e98b-11ef-abc6-4cd717a70326.jpg", "bboxes": [0.11321317884657123, 0.12394394556681315, 0.6057056850857205, 0.6965164947509765], "class": 1}