{"image": "7d7bc810-e98b-11ef-abc6-4cd717a70326.jpg", "bboxes": [0.3942943149142795, 0.11505505667792426, 0.8867868211534288, 0.6876276058620877], "class": 1}