{"image": "7d7bc810-e98b-11ef-abc6-4cd717a70326.jpg", "bboxes": [0.24876873440212677, 0.10172172334459093, 0.741261240641276, 0.6742942725287543], "class": 1}