{"image": "7d7bc810-e98b-11ef-abc6-4cd717a70326.jpg", "bboxes": [0.059879845513237884, 0.28348350524902344, 0.5523723517523871, 0.8560560544331869], "class": 1}