{"image": "7d7bc810-e98b-11ef-abc6-4cd717a70326.jpg", "bboxes": [0.6565165371365017, 0.08394394556681316, 1.0, 0.6565164947509765], "class": 1}