{"image": "7d7bc810-e98b-11ef-abc6-4cd717a70326.jpg", "bboxes": [0.26096098158094616, 0.09283283445570203, 0.7534534878200955, 0.6654053836398655], "class": 1}