{"image": "7d7bc810-e98b-11ef-abc6-4cd717a70326.jpg", "bboxes": [0.28762764824761283, 0.29681683858235675, 0.7801201544867622, 0.8693893877665202], "class": 1}