{"image": "7feac0a8-e98b-11ef-9b90-4cd717a70326.jpg", "bboxes": [0.14764768812391493, 0.17511511272854274, 0.7102102067735462, 0.7777177217271593], "class": 1}