{"image": "7feac0a8-e98b-11ef-9b90-4cd717a70326.jpg", "bboxes": [0.16542546590169271, 0.2556156116061741, 0.7279879845513237, 0.8582182206047906], "class": 1}