{"image": "7feac0a8-e98b-11ef-9b90-4cd717a70326.jpg", "bboxes": [0.1832032436794705, 0.2089489449395073, 0.7457657623291016, 0.811551553938124], "class": 1}