{"image": "7feac0a8-e98b-11ef-9b90-4cd717a70326.jpg", "bboxes": [0.2276476881239149, 0.17511511272854274, 0.790210206773546, 0.7777177217271593], "class": 1}