{"image": "7feac0a8-e98b-11ef-9b90-4cd717a70326.jpg", "bboxes": [0.20098102145724828, 0.16400400161743164, 0.7635435401068793, 0.7666066106160482], "class": 1}