{"image": "7feac0a8-e98b-11ef-9b90-4cd717a70326.jpg", "bboxes": [0.19431435479058157, 0.15289289050632052, 0.7568768734402127, 0.7554954995049371], "class": 1}