{"image": "7feac0a8-e98b-11ef-9b90-4cd717a70326.jpg", "bboxes": [0.298758799235026, 0.2089489449395073, 0.8613213178846572, 0.811551553938124], "class": 1}