{"image": "7feac0a8-e98b-11ef-9b90-4cd717a70326.jpg", "bboxes": [0.13431435479058162, 0.19561561160617402, 0.6968768734402127, 0.7982182206047905], "class": 1}