{"image": "7feac0a8-e98b-11ef-9b90-4cd717a70326.jpg", "bboxes": [0.10320324367947054, 0.20400400161743165, 0.6657657623291016, 0.8066066106160482], "class": 1}