{"image": "7feac0a8-e98b-11ef-9b90-4cd717a70326.jpg", "bboxes": [0.1498699103461372, 0.24894894493950737, 0.7124324289957682, 0.8515515539381241], "class": 1}