{"image": "7feac0a8-e98b-11ef-9b90-4cd717a70326.jpg", "bboxes": [0.27867868211534286, 0.15511511272854275, 0.841241200764974, 0.7577177217271593], "class": 1}