{"image": "7feac0a8-e98b-11ef-9b90-4cd717a70326.jpg", "bboxes": [0.0698699103461371, 0.19561561160617402, 0.6324324289957682, 0.7982182206047905], "class": 1}