{"image": "7feac0a8-e98b-11ef-9b90-4cd717a70326.jpg", "bboxes": [0.36542546590169267, 0.24672672271728513, 0.9279879845513238, 0.8493293317159017], "class": 1}