{"image": "7feac0a8-e98b-11ef-9b90-4cd717a70326.jpg", "bboxes": [0.3365365770128038, 0.18178177939520943, 0.8990990956624348, 0.784384388393826], "class": 1}