{"image": "7feac0a8-e98b-11ef-9b90-4cd717a70326.jpg", "bboxes": [0.35209213256835936, 0.18400400161743163, 0.9146546512179905, 0.7866066106160482], "class": 1}