{"image": "838ff949-e98b-11ef-832c-4cd717a70326.jpg", "bboxes": [0.3565565321180556, 0.02986986796061198, 0.9131131066216363, 0.6825225448608399], "class": 1}