{"image": "838ff949-e98b-11ef-832c-4cd717a70326.jpg", "bboxes": [0.28988986545138884, 0.03875875684950087, 0.8464464399549696, 0.6914114337497287], "class": 1}