{"image": "838ff949-e98b-11ef-832c-4cd717a70326.jpg", "bboxes": [0.19133133782280817, 0.056536534627278645, 0.7478879123263888, 0.7091892115275065], "class": 1}