{"image": "838ff949-e98b-11ef-832c-4cd717a70326.jpg", "bboxes": [0.0, 0.05431431240505642, 0.5123323567708333, 0.7069669893052843], "class": 1}