{"image": "838ff949-e98b-11ef-832c-4cd717a70326.jpg", "bboxes": [0.1921120876736111, 0.03653653462727865, 0.7486686621771919, 0.6891892115275066], "class": 1}