{"image": "838ff949-e98b-11ef-832c-4cd717a70326.jpg", "bboxes": [0.35799800448947483, 0.0120920901828342, 0.9145545789930556, 0.6647447670830621], "class": 1}