{"image": "838ff949-e98b-11ef-832c-4cd717a70326.jpg", "bboxes": [0.12244244893391927, 0.3196996773613824, 0.6789990234375, 0.9723523542616103], "class": 1}