{"image": "838ff949-e98b-11ef-832c-4cd717a70326.jpg", "bboxes": [0.0957757822672526, 0.2819218995836046, 0.6523323567708333, 0.9345745764838325], "class": 1}