{"image": "838ff949-e98b-11ef-832c-4cd717a70326.jpg", "bboxes": [0.3698898654513889, 0.04098097907172309, 0.9264464399549697, 0.6936336559719509], "class": 1}