{"image": "838ff949-e98b-11ef-832c-4cd717a70326.jpg", "bboxes": [0.1610009765625, 0.03653653462727865, 0.7175575510660808, 0.6891892115275066], "class": 1}