{"image": "838ff949-e98b-11ef-832c-4cd717a70326.jpg", "bboxes": [0.45433430989583334, 0.06986986796061198, 1.0, 0.7225225448608399], "class": 1}