{"image": "838ff949-e98b-11ef-832c-4cd717a70326.jpg", "bboxes": [0.16322319878472225, 0.0032032012939453127, 0.719779773288303, 0.6558558781941731], "class": 1}