{"image": "838ff949-e98b-11ef-832c-4cd717a70326.jpg", "bboxes": [0.06244244893391927, 0.3308107884724934, 0.6189990234375, 0.9834634653727213], "class": 1}