{"image": "842c1996-e98b-11ef-9c45-4cd717a70326.jpg", "bboxes": [0.7062862904866537, 0.3228428649902344, 1.0, 0.9054254261652629], "class": 1}