{"image": "842c1996-e98b-11ef-9c45-4cd717a70326.jpg", "bboxes": [0.0, 0.08790790716807048, 0.18260259840223525, 0.670490468343099], "class": 1}