{"image": "842c1996-e98b-11ef-9c45-4cd717a70326.jpg", "bboxes": [0.0, 0.3406206427680121, 0.2492692650689019, 0.9232032039430407], "class": 1}