{"image": "842c1996-e98b-11ef-9c45-4cd717a70326.jpg", "bboxes": [0.7885085127088759, 0.36950953165690104, 1.0, 0.9520920928319295], "class": 1}