{"image": "842c1996-e98b-11ef-9c45-4cd717a70326.jpg", "bboxes": [0.0, 0.3561761983235677, 0.4892692650689019, 0.9387587594985962], "class": 1}