{"image": "842c1996-e98b-11ef-9c45-4cd717a70326.jpg", "bboxes": [0.0, 0.31839842054578993, 0.19593593173556859, 0.9009809817208184], "class": 1}