{"image": "842c1996-e98b-11ef-9c45-4cd717a70326.jpg", "bboxes": [0.819619623819987, 0.09457457383473714, 1.0, 0.6771571350097656], "class": 1}