{"image": "842c1996-e98b-11ef-9c45-4cd717a70326.jpg", "bboxes": [0.7351751793755426, 0.3717317538791233, 1.0, 0.9543143150541518], "class": 1}