{"image": "842c1996-e98b-11ef-9c45-4cd717a70326.jpg", "bboxes": [0.5173974015977647, 0.07457457383473715, 1.0, 0.6571571350097656], "class": 1}