{"image": "842c1996-e98b-11ef-9c45-4cd717a70326.jpg", "bboxes": [0.0, 0.06346346272362603, 0.5048248206244574, 0.6460460238986545], "class": 1}