{"image": "842c1996-e98b-11ef-9c45-4cd717a70326.jpg", "bboxes": [0.0, 0.3606206427680122, 0.31593593173556855, 0.9432032039430407], "class": 1}