{"image": "842c1996-e98b-11ef-9c45-4cd717a70326.jpg", "bboxes": [0.0, 0.09679679605695936, 0.2537137095133464, 0.6793793572319878], "class": 1}