{"image": "842c1996-e98b-11ef-9c45-4cd717a70326.jpg", "bboxes": [0.0, 0.050130129390292696, 0.1381581539577908, 0.6327126905653212], "class": 1}