{"image": "84c78dcc-e98b-11ef-84e2-4cd717a70326.jpg", "bboxes": [0.09889890882703989, 0.3881881713867188, 0.6474474589029948, 1.0], "class": 1}