{"image": "84c78dcc-e98b-11ef-84e2-4cd717a70326.jpg", "bboxes": [0.3236636522081163, 0.32152150472005203, 0.8722122022840711, 0.9461461464564006], "class": 1}