{"image": "84c78dcc-e98b-11ef-84e2-4cd717a70326.jpg", "bboxes": [0.26366365220811633, 0.009409409099155002, 0.8122122022840712, 0.6340340508355035], "class": 1}