{"image": "84c78dcc-e98b-11ef-84e2-4cd717a70326.jpg", "bboxes": [0.3836636522081163, 0.01829829798804389, 0.9322122022840712, 0.6429229397243924], "class": 1}