{"image": "84c78dcc-e98b-11ef-84e2-4cd717a70326.jpg", "bboxes": [0.16334335327148441, 0.05385385354359944, 0.7118919033474392, 0.678478495279948], "class": 1}