{"image": "84c78dcc-e98b-11ef-84e2-4cd717a70326.jpg", "bboxes": [0.0, 0.3592992824978299, 0.5296696811252171, 0.9839239242341783], "class": 1}