{"image": "84c78dcc-e98b-11ef-84e2-4cd717a70326.jpg", "bboxes": [0.4792192077636719, 0.3681881713867188, 1.0, 0.9928128131230672], "class": 1}