{"image": "84c78dcc-e98b-11ef-84e2-4cd717a70326.jpg", "bboxes": [0.0, 0.0, 0.5185585700141059, 0.6118118286132812], "class": 1}