{"image": "84c78dcc-e98b-11ef-84e2-4cd717a70326.jpg", "bboxes": [0.41255254109700523, 0.020520520210266114, 0.96110109117296, 0.6451451619466145], "class": 1}