{"image": "84c78dcc-e98b-11ef-84e2-4cd717a70326.jpg", "bboxes": [0.0, 0.3570770602756076, 0.5185585700141059, 0.9817017020119561], "class": 1}