{"image": "84c78dcc-e98b-11ef-84e2-4cd717a70326.jpg", "bboxes": [0.09033031887478299, 0.0027427424324883353, 0.6388788689507379, 0.6273673841688368], "class": 1}