{"image": "84c78dcc-e98b-11ef-84e2-4cd717a70326.jpg", "bboxes": [0.025565575493706638, 0.350410393608941, 0.5741141255696615, 0.9750350353452895], "class": 1}