{"image": "84c78dcc-e98b-11ef-84e2-4cd717a70326.jpg", "bboxes": [0.4836636522081163, 0.049409409099155005, 1.0, 0.6740340508355035], "class": 1}