{"image": "84c78dcc-e98b-11ef-84e2-4cd717a70326.jpg", "bboxes": [0.19667668660481774, 0.35485483805338547, 0.7452252366807726, 0.9794794797897339], "class": 1}