{"image": "84c78dcc-e98b-11ef-84e2-4cd717a70326.jpg", "bboxes": [0.30334335327148443, 0.3859659491644965, 0.8518919033474392, 1.0], "class": 1}