{"image": "84c78dcc-e98b-11ef-84e2-4cd717a70326.jpg", "bboxes": [0.21255254109700522, 0.37929928249782985, 0.7611010911729601, 1.0], "class": 1}