{"image": "84c78dcc-e98b-11ef-84e2-4cd717a70326.jpg", "bboxes": [0.4281080966525608, 0.0, 0.9766566467285156, 0.6229229397243924], "class": 1}