{"image": "84c78dcc-e98b-11ef-84e2-4cd717a70326.jpg", "bboxes": [0.22588587443033853, 0.341521504720052, 0.7744344245062934, 0.9661461464564005], "class": 1}