{"image": "84c78dcc-e98b-11ef-84e2-4cd717a70326.jpg", "bboxes": [0.16112113104926218, 0.36596594916449654, 0.709669681125217, 0.990590590900845], "class": 1}