{"image": "84c78dcc-e98b-11ef-84e2-4cd717a70326.jpg", "bboxes": [0.3925525410970052, 0.0, 0.94110109117296, 0.6207007175021702], "class": 1}