{"image": "84c78dcc-e98b-11ef-84e2-4cd717a70326.jpg", "bboxes": [0.23477476331922742, 0.0, 0.7833233133951822, 0.6229229397243924], "class": 1}