{"image": "8564026f-e98b-11ef-9917-4cd717a70326.jpg", "bboxes": [0.05829830593532981, 0.29921921836005316, 0.5467867787679037, 0.8697898144192165], "class": 1}