{"image": "8564026f-e98b-11ef-9917-4cd717a70326.jpg", "bboxes": [0.05987988789876302, 0.30810810724894205, 0.5483683607313368, 0.8786787033081055], "class": 1}