{"image": "8564026f-e98b-11ef-9917-4cd717a70326.jpg", "bboxes": [0.19163163926866322, 0.13465463002522782, 0.680120112101237, 0.7052252260843912], "class": 1}