{"image": "8564026f-e98b-11ef-9917-4cd717a70326.jpg", "bboxes": [0.30052052815755204, 0.17243240780300562, 0.7890090009901258, 0.7430030038621691], "class": 1}