{"image": "8564026f-e98b-11ef-9917-4cd717a70326.jpg", "bboxes": [0.09607608371310761, 0.26588588502671984, 0.5845645565456814, 0.8364564810858832], "class": 1}