{"image": "8564026f-e98b-11ef-9917-4cd717a70326.jpg", "bboxes": [0.37543544345431856, 0.26588588502671984, 0.8639239162868924, 0.8364564810858832], "class": 1}