{"image": "8564026f-e98b-11ef-9917-4cd717a70326.jpg", "bboxes": [0.449409417046441, 0.1524324078030056, 0.9378978898790148, 0.7230030038621691], "class": 1}