{"image": "8564026f-e98b-11ef-9917-4cd717a70326.jpg", "bboxes": [0.43099099900987414, 0.27921921836005315, 0.9194794718424479, 0.8497898144192165], "class": 1}