{"image": "8564026f-e98b-11ef-9917-4cd717a70326.jpg", "bboxes": [0.3909909990098741, 0.13021018558078346, 0.8794794718424479, 0.7007807816399468], "class": 1}