{"image": "8564026f-e98b-11ef-9917-4cd717a70326.jpg", "bboxes": [0.19099099900987412, 0.12798796335856122, 0.679479471842448, 0.6985585594177246], "class": 1}