{"image": "85fe9205-e98b-11ef-b1fa-4cd717a70326.jpg", "bboxes": [0.0, 0.24428427908155653, 0.5138338216145834, 0.8769169320000543], "class": 1}