{"image": "85fe9205-e98b-11ef-b1fa-4cd717a70326.jpg", "bboxes": [0.5239439561631944, 0.14530529022216798, 1.0, 0.7779379431406657], "class": 1}