{"image": "85fe9205-e98b-11ef-b1fa-4cd717a70326.jpg", "bboxes": [0.0548748779296875, 0.2109509457482232, 0.5693893771701389, 0.843583598666721], "class": 1}