{"image": "85fe9205-e98b-11ef-b1fa-4cd717a70326.jpg", "bboxes": [0.3883884006076389, 0.2309509457482232, 0.9029028998480902, 0.863583598666721], "class": 1}