{"image": "85fe9205-e98b-11ef-b1fa-4cd717a70326.jpg", "bboxes": [0.2370971001519097, 0.21317316797044542, 0.7516115993923611, 0.8458058208889432], "class": 1}