{"image": "85fe9205-e98b-11ef-b1fa-4cd717a70326.jpg", "bboxes": [0.0, 0.21761761241488986, 0.48050048828125, 0.8502502653333875], "class": 1}