{"image": "85fe9205-e98b-11ef-b1fa-4cd717a70326.jpg", "bboxes": [0.0, 0.24206205685933432, 0.48050048828125, 0.874694709777832], "class": 1}