{"image": "85fe9205-e98b-11ef-b1fa-4cd717a70326.jpg", "bboxes": [0.41727728949652776, 0.11641640133327913, 0.9317917887369792, 0.7490490542517768], "class": 1}