{"image": "85fe9205-e98b-11ef-b1fa-4cd717a70326.jpg", "bboxes": [0.45949951171875, 0.11197195688883466, 0.9740140109592014, 0.7446046098073323], "class": 1}