{"image": "85fe9205-e98b-11ef-b1fa-4cd717a70326.jpg", "bboxes": [0.4128328450520833, 0.21761761241488986, 0.9273473442925347, 0.8502502653333875], "class": 1}