{"image": "87ceaf05-e98b-11ef-b769-4cd717a70326.jpg", "bboxes": [0.46772776285807294, 0.3790991168551975, 0.9702302466498481, 0.9156356355879042], "class": 1}