{"image": "87ceaf05-e98b-11ef-b769-4cd717a70326.jpg", "bboxes": [0.08088086446126302, 0.40798800574408634, 0.5833833482530382, 0.944524524476793], "class": 1}