{"image": "87ceaf05-e98b-11ef-b769-4cd717a70326.jpg", "bboxes": [0.3586586422390408, 0.37687689463297525, 0.861161126030816, 0.9134134133656819], "class": 1}