{"image": "87ceaf05-e98b-11ef-b769-4cd717a70326.jpg", "bboxes": [0.0, 0.1132532533009847, 0.4744944593641493, 0.6497897720336914], "class": 1}