{"image": "87ceaf05-e98b-11ef-b769-4cd717a70326.jpg", "bboxes": [0.08976975335015192, 0.08880880885654026, 0.5922722371419271, 0.625345327589247], "class": 1}