{"image": "87ceaf05-e98b-11ef-b769-4cd717a70326.jpg", "bboxes": [0.24106109619140625, 0.3835435612996419, 0.7435635799831815, 0.9200800800323486], "class": 1}