{"image": "87ceaf05-e98b-11ef-b769-4cd717a70326.jpg", "bboxes": [0.2321722073025173, 0.09547547552320693, 0.7346746910942925, 0.6320119942559136], "class": 1}