{"image": "87ceaf05-e98b-11ef-b769-4cd717a70326.jpg", "bboxes": [0.016436420016818578, 0.062142142189873587, 0.5189389038085938, 0.5986786609225803], "class": 1}