{"image": "87ceaf05-e98b-11ef-b769-4cd717a70326.jpg", "bboxes": [0.011991975572374133, 0.10658658663431804, 0.5144944593641493, 0.6431231053670248], "class": 1}