{"image": "87ceaf05-e98b-11ef-b769-4cd717a70326.jpg", "bboxes": [0.14310308668348523, 0.34576578352186416, 0.6456055704752605, 0.8823023022545708], "class": 1}