{"image": "88699727-e98b-11ef-a862-4cd717a70326.jpg", "bboxes": [0.15343344794379343, 0.08060060818990071, 0.6899699825710722, 0.6631831614176432], "class": 1}