{"image": "88699727-e98b-11ef-a862-4cd717a70326.jpg", "bboxes": [0.2566966840955946, 0.1272672748565674, 0.7932332187228732, 0.7098498280843099], "class": 1}