{"image": "88699727-e98b-11ef-a862-4cd717a70326.jpg", "bboxes": [0.1944744618733724, 0.3434835052490235, 0.731010996500651, 0.9260660584767659], "class": 1}