{"image": "88699727-e98b-11ef-a862-4cd717a70326.jpg", "bboxes": [0.25891890631781683, 0.31681683858235676, 0.7954554409450955, 0.8993993918100993], "class": 1}