{"image": "88699727-e98b-11ef-a862-4cd717a70326.jpg", "bboxes": [0.37003001742892794, 0.32126128302680124, 0.9065665520562066, 0.9038438362545437], "class": 1}