{"image": "88699727-e98b-11ef-a862-4cd717a70326.jpg", "bboxes": [0.10114112854003907, 0.32792794969346784, 0.6376776631673177, 0.9105105029212104], "class": 1}