{"image": "88699727-e98b-11ef-a862-4cd717a70326.jpg", "bboxes": [0.16114112854003906, 0.07615616374545627, 0.6976776631673177, 0.6587387169731987], "class": 1}