{"image": "88699727-e98b-11ef-a862-4cd717a70326.jpg", "bboxes": [0.14558557298448352, 0.3457057274712456, 0.6821221076117622, 0.9282882806989882], "class": 1}