{"image": "88699727-e98b-11ef-a862-4cd717a70326.jpg", "bboxes": [0.18454455905490452, 0.12282283041212294, 0.7210810936821832, 0.7054053836398655], "class": 1}