{"image": "899f52ec-e98b-11ef-b018-4cd717a70326.jpg", "bboxes": [0.2882082112630209, 0.2741341654459636, 0.8307507536146376, 0.856716718673706], "class": 1}