{"image": "899f52ec-e98b-11ef-b018-4cd717a70326.jpg", "bboxes": [0.10036035749647353, 0.10994994799296061, 0.6429028998480902, 0.6925325012207031], "class": 1}