{"image": "899f52ec-e98b-11ef-b018-4cd717a70326.jpg", "bboxes": [0.0, 0.1499499479929606, 0.5029028998480902, 0.7325325012207031], "class": 1}