{"image": "899f52ec-e98b-11ef-b018-4cd717a70326.jpg", "bboxes": [0.2736936908298069, 0.09661661465962727, 0.8162362331814236, 0.6791991678873698], "class": 1}