{"image": "899f52ec-e98b-11ef-b018-4cd717a70326.jpg", "bboxes": [0.29147146860758466, 0.10994994799296061, 0.8340140109592014, 0.6925325012207031], "class": 1}