{"image": "899f52ec-e98b-11ef-b018-4cd717a70326.jpg", "bboxes": [0.5682082112630209, 0.32302305433485246, 1.0, 0.9056056075625949], "class": 1}