{"image": "899f52ec-e98b-11ef-b018-4cd717a70326.jpg", "bboxes": [0.38154154459635414, 0.318578609890408, 0.924084086947971, 0.9011611631181505], "class": 1}