{"image": "899f52ec-e98b-11ef-b018-4cd717a70326.jpg", "bboxes": [0.34598598904079864, 0.3074674987792969, 0.8885285313924154, 0.8900500520070393], "class": 1}