{"image": "899f52ec-e98b-11ef-b018-4cd717a70326.jpg", "bboxes": [0.18258257971869574, 0.2896897210015192, 0.7251251220703125, 0.8722722742292618], "class": 1}