{
  "parameters": {
    "OOP": true,
    "CUDA": false,
    "device": "NVIDIA T1000 8GB",
    "model_id": "v0",
    "lr": 0.0005,
    "gamma": 0.95,
    "epsilon_decay": 5000,
    "batch_size": 32,
    "buffer_size": 5000,
    "target_update_freq": 1000
  },
  "runtime": 97.49255204200745,
  "valtime": 3.494062900543213,
  "best_model_at": 3643,
  "val_history": {
    "3643": [
      473.0,
      495.61
    ],
    "4908": [
      473.0,
      95.69
    ]
  },
  "test_result": 484.266
}